Review ID,Product Name,Review Text,Rating,Review Date,Customer Name
R0001,Samsung Galaxy Watch6,Love the camera quality!,1,2024-09-16,Jessica P.
R0002,Samsung QLED TV,Highly recommend to others!,4,2023-01-29,Bradley B.
R0003,Samsung Air Conditioner,Love the camera quality!,1,2023-11-29,Suzanne M.
R0004,Samsung QLED TV,Battery life could be better.,2,2023-10-25,Jeffery A.
R0005,Samsung Galaxy S22,Heats up sometimes during heavy usage.,3,2023-11-14,Lance M.
R0006,Samsung Galaxy S23,"Delivery was delayed, but the product is great.",5,2023-04-05,Ricardo H.
R0007,Samsung Galaxy Z Fold5,Amazing display quality.,5,2024-12-18,Mitchell R.
R0008,Samsung Galaxy S23,Disappointed with the customer service.,5,2024-04-16,Steven R.
R0009,Samsung Soundbar,"Nice product, but a bit overpriced.",1,2024-03-06,Bryan P.
R0010,Samsung Galaxy Watch6,Very durable and reliable.,5,2025-01-27,David H.
R0011,Samsung Crystal UHD TV,Speaker quality is amazing!,4,2024-04-10,Elizabeth L.
R0012,Samsung Galaxy A54,Heats up sometimes during heavy usage.,1,2024-07-31,Heidi M.
R0013,Samsung Washing Machine,"Nice product, but a bit overpriced.",2,2023-08-31,Eugene R.
R0014,Samsung Air Conditioner,Speaker quality is amazing!,1,2024-06-07,Michael P.
R0015,Samsung Galaxy S23,"Delivery was delayed, but the product is great.",4,2023-03-03,Robert L.
R0016,Samsung Washing Machine,Battery life could be better.,1,2024-07-31,Krystal L.
R0017,Samsung Soundbar,Software updates are slow.,2,2024-11-09,Kevin R.
R0018,Samsung Refrigerator,Battery life could be better.,2,2024-06-09,Darlene C.
R0019,Samsung Galaxy S23,"Delivery was delayed, but the product is great.",1,2023-08-20,Nancy M.
R0020,Samsung Crystal UHD TV,"Excellent product, very satisfied!",5,2024-03-10,Kimberly W.
R0021,Samsung Galaxy Z Fold5,Disappointed with the customer service.,1,2024-09-02,Desiree L.
R0022,Samsung QLED TV,Love the camera quality!,5,2023-12-09,Zachary B.
R0023,Samsung Washing Machine,Performance is top-notch.,1,2023-04-04,Virginia C.
R0024,Samsung Air Conditioner,Good for basic usage.,5,2024-12-22,David C.
R0025,Samsung Soundbar,Very durable and reliable.,5,2024-09-30,Jill B.
R0026,Samsung Galaxy A54,Battery life could be better.,3,2024-04-04,William W.
R0027,Samsung Air Conditioner,Disappointed with the customer service.,4,2023-12-09,Ryan A.
R0028,Samsung Crystal UHD TV,Software updates are slow.,1,2024-12-08,Jessica H.
R0029,Samsung QLED TV,Software updates are slow.,3,2023-06-12,Brittany H.
R0030,Samsung Galaxy S22,Software updates are slow.,3,2024-07-12,Kevin G.
R0031,Samsung QLED TV,Great value for money!,5,2024-04-17,John C.
R0032,Samsung Galaxy Watch6,Heats up sometimes during heavy usage.,1,2024-07-12,Anna L.
R0033,Samsung Galaxy A54,Heats up sometimes during heavy usage.,3,2024-06-27,Laura T.
R0034,Samsung Refrigerator,Love the camera quality!,2,2024-04-26,Paul H.
R0035,Samsung Soundbar,Disappointed with the customer service.,4,2023-11-23,Kimberly S.
R0036,Samsung Soundbar,Feature-packed and smooth experience.,3,2024-10-13,Joe L.
R0037,Samsung Refrigerator,Love the camera quality!,2,2024-04-07,James T.
R0038,Samsung Soundbar,Very user-friendly interface.,1,2024-04-19,Natasha L.
R0039,Samsung Galaxy Watch6,Build quality feels premium.,3,2023-09-11,Kevin G.
R0040,Samsung Galaxy S23,Heats up sometimes during heavy usage.,3,2023-12-16,Darlene C.
R0041,Samsung Galaxy S22,"Excellent product, very satisfied!",3,2023-07-04,Jeremy R.
R0042,Samsung Air Conditioner,Highly recommend to others!,1,2025-01-19,Heather H.
R0043,Samsung Galaxy Z Fold5,Very user-friendly interface.,4,2024-01-28,Linda A.
R0044,Samsung Crystal UHD TV,"Not as expected, returning it.",5,2023-03-07,Michael W.
R0045,Samsung Soundbar,Performance is top-notch.,2,2024-07-06,Rita N.
R0046,Samsung Crystal UHD TV,Software updates are slow.,1,2023-03-31,Stephanie M.
R0047,Samsung Galaxy Buds2,Software updates are slow.,1,2023-06-12,Karina L.
R0048,Samsung Galaxy Watch6,Feature-packed and smooth experience.,3,2024-02-20,Barbara J.
R0049,Samsung Galaxy S23,Good for basic usage.,5,2023-08-27,Jonathan M.
R0050,Samsung Galaxy Z Fold5,"Not as expected, returning it.",2,2023-10-14,Joshua C.
R0051,Samsung Galaxy S23,Feature-packed and smooth experience.,4,2024-08-25,Tammy G.
R0052,Samsung Galaxy S22,Software updates are slow.,4,2024-10-28,Steven N.
R0053,Samsung Soundbar,Great value for money!,1,2025-01-27,Jeffrey R.
R0054,Samsung Air Conditioner,Speaker quality is amazing!,4,2023-08-11,Luke B.
R0055,Samsung Galaxy A54,Heats up sometimes during heavy usage.,4,2024-12-23,James D.
R0056,Samsung Galaxy S22,Build quality feels premium.,1,2023-11-02,Keith V.
R0057,Samsung Galaxy S23,Performance is top-notch.,4,2024-01-06,Mary W.
R0058,Samsung Galaxy Z Fold5,Heats up sometimes during heavy usage.,3,2023-06-29,Ronald M.
R0059,Samsung Galaxy S22,Great value for money!,2,2023-05-05,Kayla S.
R0060,Samsung Galaxy A54,Build quality feels premium.,5,2024-01-15,Derek J.
R0061,Samsung Refrigerator,Battery life could be better.,1,2024-11-11,Grace D.
R0062,Samsung Crystal UHD TV,"Delivery was delayed, but the product is great.",1,2023-05-27,Chad W.
R0063,Samsung Galaxy Buds2,Feature-packed and smooth experience.,5,2023-09-18,George H.
R0064,Samsung Galaxy S22,Software updates are slow.,2,2023-04-19,Stefanie S.
R0065,Samsung Galaxy Watch6,Very durable and reliable.,2,2024-08-06,Mark G.
R0066,Samsung Air Conditioner,"Not as expected, returning it.",2,2024-03-17,Christine W.
R0067,Samsung Galaxy Watch6,Speaker quality is amazing!,2,2023-04-21,Melissa M.
R0068,Samsung Soundbar,Battery life could be better.,2,2024-05-06,Kimberly A.
R0069,Samsung Galaxy Buds2,"Nice product, but a bit overpriced.",2,2023-04-10,Julie W.
R0070,Samsung Galaxy S23,Software updates are slow.,3,2024-01-02,Michael R.
R0071,Samsung Galaxy A54,"Not as expected, returning it.",1,2024-12-18,Melissa F.
R0072,Samsung Refrigerator,Speaker quality is amazing!,5,2023-12-26,Shannon L.
R0073,Samsung Air Conditioner,Build quality feels premium.,2,2024-05-24,Stephanie L.
R0074,Samsung Galaxy Z Fold5,Battery life could be better.,3,2023-05-10,Hannah S.
R0075,Samsung Galaxy Watch6,Amazing display quality.,1,2024-11-29,Leslie S.
R0076,Samsung Galaxy Z Fold5,Good for basic usage.,1,2023-03-10,Craig H.
R0077,Samsung Galaxy Buds2,"Delivery was delayed, but the product is great.",1,2023-12-30,Jerry T.
R0078,Samsung Soundbar,"Nice product, but a bit overpriced.",2,2024-07-01,Dennis R.
R0079,Samsung Galaxy Buds2,Amazing display quality.,2,2024-11-30,Brian M.
R0080,Samsung Galaxy Watch6,Very user-friendly interface.,5,2024-11-26,Kristen K.
R0081,Samsung Air Conditioner,Great value for money!,1,2024-01-19,Maria D.
R0082,Samsung Crystal UHD TV,Very user-friendly interface.,1,2024-06-16,Rebecca L.
R0083,Samsung Galaxy Buds2,Amazing display quality.,2,2024-10-07,Donna H.
R0084,Samsung QLED TV,Highly recommend to others!,1,2024-04-15,Deanna W.
R0085,Samsung Galaxy Z Fold5,"Excellent product, very satisfied!",5,2023-02-18,Tracy A.
R0086,Samsung Galaxy Buds2,Good for basic usage.,3,2024-09-07,Carla B.
R0087,Samsung Galaxy A54,Highly recommend to others!,4,2025-01-05,Elizabeth A.
R0088,Samsung Galaxy A54,Love the camera quality!,1,2023-11-02,Colleen L.
R0089,Samsung Galaxy S23,"Nice product, but a bit overpriced.",5,2023-11-29,Michelle H.
R0090,Samsung Crystal UHD TV,Love the camera quality!,3,2023-08-27,Linda A.
R0091,Samsung Galaxy A54,Battery life could be better.,1,2024-10-28,John W.
R0092,Samsung Galaxy S22,Amazing display quality.,3,2023-07-13,Daniel A.
R0093,Samsung Galaxy A54,Very user-friendly interface.,4,2024-08-10,Julie B.
R0094,Samsung QLED TV,Performance is top-notch.,4,2025-01-23,Barbara W.
R0095,Samsung Galaxy S22,Feature-packed and smooth experience.,1,2024-08-26,Joseph H.
R0096,Samsung Galaxy S22,"Not as expected, returning it.",2,2024-12-17,Cory D.
R0097,Samsung Galaxy A54,Software updates are slow.,1,2023-05-20,Luke O.
R0098,Samsung Galaxy S22,Battery life could be better.,4,2023-04-28,Jonathan W.
R0099,Samsung Galaxy Buds2,Amazing display quality.,5,2023-03-02,Michele S.
R0100,Samsung Galaxy A54,Great value for money!,1,2024-10-30,Danielle T.
R0101,Samsung Washing Machine,Great value for money!,2,2024-07-08,Amy A.
R0102,Samsung Crystal UHD TV,Build quality feels premium.,4,2024-07-07,Lori R.
R0103,Samsung Galaxy S22,Battery life could be better.,5,2023-06-26,Devin S.
R0104,Samsung Galaxy S23,"Not as expected, returning it.",1,2023-04-13,Heather T.
R0105,Samsung Galaxy A54,Very user-friendly interface.,2,2024-12-04,Robert L.
R0106,Samsung QLED TV,Feature-packed and smooth experience.,3,2024-12-29,Wesley K.
R0107,Samsung Refrigerator,Very user-friendly interface.,1,2023-07-16,James H.
R0108,Samsung Washing Machine,Disappointed with the customer service.,5,2024-06-03,Tyler P.
R0109,Samsung Crystal UHD TV,Highly recommend to others!,1,2023-08-02,Zachary C.
R0110,Samsung Galaxy S23,"Excellent product, very satisfied!",1,2024-07-02,Bruce W.
R0111,Samsung Galaxy A54,Heats up sometimes during heavy usage.,5,2024-01-19,Erin Z.
R0112,Samsung Refrigerator,Performance is top-notch.,5,2024-04-13,Laura K.
R0113,Samsung Galaxy Buds2,"Not as expected, returning it.",5,2023-03-11,Dustin J.
R0114,Samsung Washing Machine,Not worth the price.,3,2024-08-10,Amy S.
R0115,Samsung Crystal UHD TV,"Excellent product, very satisfied!",4,2023-06-12,Lisa M.
R0116,Samsung Refrigerator,Great value for money!,3,2024-02-06,Erica T.
R0117,Samsung Crystal UHD TV,Build quality feels premium.,3,2023-11-27,William L.
R0118,Samsung Galaxy A54,Not worth the price.,4,2024-06-22,David K.
R0119,Samsung Refrigerator,"Delivery was delayed, but the product is great.",3,2024-10-28,Matthew K.
R0120,Samsung Galaxy Buds2,Feature-packed and smooth experience.,1,2024-06-14,Heather E.
R0121,Samsung Galaxy A54,"Delivery was delayed, but the product is great.",3,2023-08-25,Rodney D.
R0122,Samsung Galaxy Watch6,Build quality feels premium.,3,2023-06-05,Roy J.
R0123,Samsung Galaxy Watch6,Battery life could be better.,1,2024-07-11,Jason J.
R0124,Samsung Crystal UHD TV,Heats up sometimes during heavy usage.,5,2023-02-22,Mark J.
R0125,Samsung Galaxy Watch6,Speaker quality is amazing!,1,2023-12-26,Brittany B.
R0126,Samsung Galaxy Watch6,"Excellent product, very satisfied!",5,2024-01-19,Linda W.
R0127,Samsung Galaxy Watch6,"Nice product, but a bit overpriced.",3,2024-02-24,Brian W.
R0128,Samsung Galaxy Buds2,Feature-packed and smooth experience.,3,2024-05-28,Pamela R.
R0129,Samsung Refrigerator,Good for basic usage.,2,2024-01-29,Angela S.
R0130,Samsung Crystal UHD TV,Love the camera quality!,4,2023-09-18,Timothy C.
R0131,Samsung Galaxy A54,Amazing display quality.,4,2023-10-19,Angela W.
R0132,Samsung Galaxy S23,Amazing display quality.,3,2024-06-09,April S.
R0133,Samsung Refrigerator,Very durable and reliable.,1,2023-09-14,Jane K.
R0134,Samsung Crystal UHD TV,"Delivery was delayed, but the product is great.",5,2024-01-07,Whitney R.
R0135,Samsung Galaxy S22,Love the camera quality!,3,2023-04-12,Lori R.
R0136,Samsung Refrigerator,"Delivery was delayed, but the product is great.",5,2023-09-09,John H.
R0137,Samsung Washing Machine,Very user-friendly interface.,3,2023-09-23,Jessica M.
R0138,Samsung Galaxy Z Fold5,Speaker quality is amazing!,1,2024-10-20,Sheila T.
R0139,Samsung Air Conditioner,Good for basic usage.,5,2023-06-24,Nicole L.
R0140,Samsung QLED TV,Love the camera quality!,4,2023-05-03,Phillip L.
R0141,Samsung Galaxy Watch6,"Nice product, but a bit overpriced.",3,2023-04-16,Kimberly J.
R0142,Samsung Galaxy Watch6,Feature-packed and smooth experience.,4,2023-05-31,Karen M.
R0143,Samsung Soundbar,Great value for money!,1,2024-01-11,Tiffany B.
R0144,Samsung Refrigerator,Highly recommend to others!,4,2023-10-13,Autumn G.
R0145,Samsung QLED TV,Love the camera quality!,3,2023-07-24,Raymond J.
R0146,Samsung Galaxy S22,Performance is top-notch.,2,2024-01-02,Paula F.
R0147,Samsung Galaxy Z Fold5,Performance is top-notch.,5,2025-01-18,Paul G.
R0148,Samsung Crystal UHD TV,Very user-friendly interface.,2,2023-10-06,Adrienne M.
R0149,Samsung Washing Machine,Speaker quality is amazing!,3,2023-04-01,William J.
R0150,Samsung Galaxy Z Fold5,Disappointed with the customer service.,4,2024-08-23,Michael M.
R0151,Samsung Galaxy S23,Feature-packed and smooth experience.,3,2024-08-29,Jason M.
R0152,Samsung Refrigerator,Very user-friendly interface.,1,2023-07-12,Danny G.
R0153,Samsung Galaxy Buds2,Very durable and reliable.,2,2023-07-05,Timothy L.
R0154,Samsung Crystal UHD TV,Love the camera quality!,4,2024-12-08,Karen S.
R0155,Samsung Galaxy Buds2,Battery life could be better.,2,2023-07-08,Kayla R.
R0156,Samsung Galaxy S23,Highly recommend to others!,3,2024-07-08,Christine W.
R0157,Samsung Galaxy Watch6,Speaker quality is amazing!,1,2024-01-24,Monica M.
R0158,Samsung Soundbar,Not worth the price.,2,2024-07-03,Aaron J.
R0159,Samsung Washing Machine,Amazing display quality.,4,2023-06-20,William H.
R0160,Samsung Crystal UHD TV,"Not as expected, returning it.",3,2023-09-12,Kylie N.
R0161,Samsung Crystal UHD TV,"Delivery was delayed, but the product is great.",1,2024-10-21,Richard W.
R0162,Samsung Crystal UHD TV,Good for basic usage.,1,2024-04-30,Mario W.
R0163,Samsung Washing Machine,Heats up sometimes during heavy usage.,3,2024-03-25,Vernon A.
R0164,Samsung Galaxy S22,Feature-packed and smooth experience.,5,2024-04-01,Matthew M.
R0165,Samsung Air Conditioner,Build quality feels premium.,4,2023-09-25,Kenneth R.
R0166,Samsung Galaxy Z Fold5,Very durable and reliable.,5,2023-05-07,Alan G.
R0167,Samsung Galaxy Z Fold5,Great value for money!,2,2024-07-13,Casey G.
R0168,Samsung Galaxy S22,"Not as expected, returning it.",3,2023-05-18,Michael R.
R0169,Samsung Galaxy S23,Feature-packed and smooth experience.,2,2023-02-04,Katherine C.
R0170,Samsung Galaxy S23,Performance is top-notch.,3,2024-02-05,Tracy V.
R0171,Samsung Galaxy A54,Great value for money!,4,2024-04-26,Jason H.
R0172,Samsung Galaxy S22,Speaker quality is amazing!,5,2023-06-12,Robert R.
R0173,Samsung Refrigerator,Battery life could be better.,4,2024-10-24,Matthew N.
R0174,Samsung Refrigerator,Feature-packed and smooth experience.,5,2023-08-22,James L.
R0175,Samsung Galaxy S23,Battery life could be better.,2,2023-03-18,Richard W.
R0176,Samsung Refrigerator,Software updates are slow.,2,2023-05-05,Kimberly W.
R0177,Samsung Soundbar,Software updates are slow.,2,2024-06-12,Donna G.
R0178,Samsung Galaxy Z Fold5,Amazing display quality.,2,2024-07-26,Amy O.
R0179,Samsung Soundbar,Battery life could be better.,3,2023-07-13,Ronald S.
R0180,Samsung Air Conditioner,Not worth the price.,1,2024-02-09,Blake M.
R0181,Samsung Galaxy Watch6,Good for basic usage.,2,2024-10-26,Christine C.
R0182,Samsung Galaxy S23,Speaker quality is amazing!,2,2024-01-23,Jose E.
R0183,Samsung Galaxy Buds2,Feature-packed and smooth experience.,3,2023-04-18,Joshua J.
R0184,Samsung Refrigerator,Amazing display quality.,4,2024-12-15,Jordan P.
R0185,Samsung Air Conditioner,Good for basic usage.,1,2024-05-03,Paula C.
R0186,Samsung Soundbar,Very durable and reliable.,5,2023-05-17,James G.
R0187,Samsung Air Conditioner,Software updates are slow.,1,2024-08-24,Kayla P.
R0188,Samsung Galaxy Buds2,"Excellent product, very satisfied!",3,2024-05-14,Mason N.
R0189,Samsung Refrigerator,"Nice product, but a bit overpriced.",2,2023-05-18,Anthony G.
R0190,Samsung Crystal UHD TV,Love the camera quality!,2,2023-03-22,Laura B.
R0191,Samsung Crystal UHD TV,Highly recommend to others!,5,2024-09-22,Gregory B.
R0192,Samsung Washing Machine,Very durable and reliable.,4,2023-03-27,Kimberly M.
R0193,Samsung Galaxy S23,Battery life could be better.,4,2024-08-01,Sarah J.
R0194,Samsung Galaxy Watch6,Speaker quality is amazing!,5,2023-09-13,Kyle O.
R0195,Samsung Soundbar,Disappointed with the customer service.,5,2024-11-30,Amy D.
R0196,Samsung Galaxy Z Fold5,"Delivery was delayed, but the product is great.",2,2024-02-28,Jenny R.
R0197,Samsung Air Conditioner,Build quality feels premium.,2,2023-01-30,Frank R.
R0198,Samsung Galaxy S22,Amazing display quality.,1,2024-07-14,Brandon M.
R0199,Samsung Air Conditioner,"Delivery was delayed, but the product is great.",5,2023-06-16,Richard M.
R0200,Samsung Soundbar,Not worth the price.,4,2024-08-20,Kathryn B.
R0201,Samsung QLED TV,Very user-friendly interface.,5,2023-08-30,Kyle H.
R0202,Samsung Soundbar,Great value for money!,1,2024-04-09,Lawrence V.
R0203,Samsung Soundbar,Good for basic usage.,1,2023-08-22,Donna S.
R0204,Samsung QLED TV,Very user-friendly interface.,5,2024-09-20,Derek D.
R0205,Samsung Crystal UHD TV,"Delivery was delayed, but the product is great.",2,2023-04-06,John B.
R0206,Samsung Air Conditioner,Not worth the price.,3,2024-10-02,Gregory G.
R0207,Samsung Refrigerator,"Delivery was delayed, but the product is great.",1,2023-10-03,Jacob S.
R0208,Samsung Galaxy Watch6,"Excellent product, very satisfied!",5,2024-11-03,Danielle O.
R0209,Samsung Galaxy Buds2,Great value for money!,2,2024-12-18,Jesse C.
R0210,Samsung Refrigerator,Speaker quality is amazing!,3,2023-06-15,John S.
R0211,Samsung Air Conditioner,"Excellent product, very satisfied!",2,2024-05-28,Maria S.
R0212,Samsung Galaxy Z Fold5,"Nice product, but a bit overpriced.",3,2023-06-08,William D.
R0213,Samsung Washing Machine,"Excellent product, very satisfied!",3,2024-08-18,Madison M.
R0214,Samsung QLED TV,Highly recommend to others!,1,2023-09-20,Arthur F.
R0215,Samsung Refrigerator,Performance is top-notch.,4,2025-01-18,Jimmy H.
R0216,Samsung Air Conditioner,"Not as expected, returning it.",3,2023-11-16,William H.
R0217,Samsung Crystal UHD TV,"Nice product, but a bit overpriced.",3,2023-05-01,Lisa C.
R0218,Samsung Crystal UHD TV,Heats up sometimes during heavy usage.,4,2023-10-09,Jose H.
R0219,Samsung Galaxy Z Fold5,Performance is top-notch.,1,2023-07-19,Eric T.
R0220,Samsung Washing Machine,Software updates are slow.,4,2024-06-19,Julian A.
R0221,Samsung QLED TV,Love the camera quality!,4,2024-01-14,Timothy E.
R0222,Samsung Washing Machine,Very durable and reliable.,4,2023-11-12,Mary H.
R0223,Samsung Air Conditioner,Very user-friendly interface.,3,2023-07-20,Austin R.
R0224,Samsung Air Conditioner,Great value for money!,3,2024-06-12,Cynthia B.
R0225,Samsung QLED TV,"Not as expected, returning it.",1,2023-06-03,Gregory M.
R0226,Samsung Washing Machine,Software updates are slow.,5,2024-02-20,Curtis W.
R0227,Samsung Galaxy A54,Performance is top-notch.,3,2023-08-07,James S.
R0228,Samsung Refrigerator,Software updates are slow.,4,2024-02-01,James G.
R0229,Samsung Galaxy Z Fold5,Performance is top-notch.,1,2024-02-19,Christopher R.
R0230,Samsung Crystal UHD TV,Feature-packed and smooth experience.,5,2024-02-29,Mark A.
R0231,Samsung Galaxy A54,Very user-friendly interface.,5,2024-01-20,Karen W.
R0232,Samsung Galaxy Z Fold5,Build quality feels premium.,1,2023-08-18,Michelle B.
R0233,Samsung Soundbar,"Nice product, but a bit overpriced.",4,2024-12-04,Brandon S.
R0234,Samsung Soundbar,Feature-packed and smooth experience.,2,2024-02-06,Vickie T.
R0235,Samsung Soundbar,Very durable and reliable.,5,2024-01-21,Daniel G.
R0236,Samsung Galaxy Buds2,Speaker quality is amazing!,2,2024-10-16,Valerie C.
R0237,Samsung Washing Machine,Great value for money!,5,2024-04-21,Christopher L.
R0238,Samsung Galaxy Z Fold5,Very durable and reliable.,3,2023-08-29,Sonya J.
R0239,Samsung Galaxy Watch6,Disappointed with the customer service.,2,2024-11-05,Audrey A.
R0240,Samsung Galaxy A54,"Nice product, but a bit overpriced.",2,2024-12-29,Keith M.
R0241,Samsung Refrigerator,Feature-packed and smooth experience.,5,2024-01-06,Daniel P.
R0242,Samsung Galaxy Watch6,Love the camera quality!,2,2024-09-12,Kenneth L.
R0243,Samsung Soundbar,Feature-packed and smooth experience.,2,2024-01-20,Matthew H.
R0244,Samsung Galaxy S22,Very user-friendly interface.,5,2024-01-26,Samuel V.
R0245,Samsung Soundbar,Highly recommend to others!,2,2023-09-30,Todd G.
R0246,Samsung Galaxy A54,Build quality feels premium.,3,2024-06-25,Daniel P.
R0247,Samsung Galaxy Z Fold5,Love the camera quality!,2,2023-08-17,Christina L.
R0248,Samsung Galaxy Buds2,Disappointed with the customer service.,4,2023-11-09,Albert F.
R0249,Samsung Galaxy Watch6,Good for basic usage.,2,2024-03-01,Jeremy R.
R0250,Samsung Galaxy S23,Highly recommend to others!,4,2023-07-29,Michelle K.
R0251,Samsung Crystal UHD TV,Performance is top-notch.,2,2024-07-30,Tracy R.
R0252,Samsung Refrigerator,Software updates are slow.,4,2024-09-18,Ernest B.
R0253,Samsung Washing Machine,Not worth the price.,5,2024-07-21,Jennifer F.
R0254,Samsung Galaxy Watch6,Great value for money!,5,2024-03-07,Stacey K.
R0255,Samsung Galaxy Watch6,Very durable and reliable.,5,2024-01-10,Mary D.
R0256,Samsung Refrigerator,Heats up sometimes during heavy usage.,4,2024-04-27,Chris M.
R0257,Samsung QLED TV,"Excellent product, very satisfied!",3,2023-01-29,Kristen G.
R0258,Samsung Galaxy S22,Software updates are slow.,1,2024-01-24,Nicole W.
R0259,Samsung Galaxy Z Fold5,Great value for money!,3,2023-08-16,Mary M.
R0260,Samsung Galaxy S22,Not worth the price.,1,2024-02-16,Anne E.
R0261,Samsung Galaxy Z Fold5,Software updates are slow.,1,2023-04-13,Richard W.
R0262,Samsung Galaxy A54,Very durable and reliable.,2,2024-12-13,Shawn R.
R0263,Samsung Galaxy Watch6,Highly recommend to others!,5,2023-03-26,Gregory D.
R0264,Samsung Washing Machine,Amazing display quality.,4,2023-09-03,Mary C.
R0265,Samsung Refrigerator,Feature-packed and smooth experience.,5,2024-08-23,Gary C.
R0266,Samsung Air Conditioner,Not worth the price.,2,2023-03-22,Heather P.
R0267,Samsung Galaxy S22,Battery life could be better.,5,2023-04-14,Thomas K.
R0268,Samsung QLED TV,Highly recommend to others!,2,2024-02-28,Lori L.
R0269,Samsung Soundbar,Feature-packed and smooth experience.,4,2023-08-10,Sharon R.
R0270,Samsung Crystal UHD TV,Feature-packed and smooth experience.,4,2024-10-09,Elizabeth R.
R0271,Samsung Galaxy A54,Heats up sometimes during heavy usage.,1,2023-10-14,Christopher B.
R0272,Samsung Galaxy S23,Great value for money!,2,2024-02-29,Janet E.
R0273,Samsung Galaxy A54,Software updates are slow.,2,2024-11-23,Joseph L.
R0274,Samsung Washing Machine,Battery life could be better.,2,2023-05-16,Leslie B.
R0275,Samsung Galaxy Watch6,Heats up sometimes during heavy usage.,2,2024-02-08,Michael S.
R0276,Samsung QLED TV,Very user-friendly interface.,1,2023-09-17,Ian M.
R0277,Samsung Air Conditioner,Feature-packed and smooth experience.,2,2023-08-29,Robin D.
R0278,Samsung QLED TV,Software updates are slow.,1,2024-01-11,Michael M.
R0279,Samsung Galaxy Z Fold5,"Not as expected, returning it.",2,2024-08-05,Julia M.
R0280,Samsung Refrigerator,Love the camera quality!,5,2024-06-15,Ashley L.
R0281,Samsung Crystal UHD TV,"Excellent product, very satisfied!",3,2024-10-09,Chloe W.
R0282,Samsung Galaxy Buds2,Disappointed with the customer service.,3,2023-06-01,James N.
R0283,Samsung Galaxy A54,Love the camera quality!,1,2023-10-19,Destiny R.
R0284,Samsung Galaxy Z Fold5,"Not as expected, returning it.",2,2023-05-18,Howard S.
R0285,Samsung Galaxy Z Fold5,Highly recommend to others!,2,2024-01-29,Dwayne G.
R0286,Samsung Air Conditioner,Good for basic usage.,4,2024-06-14,Mark H.
R0287,Samsung Galaxy S22,Speaker quality is amazing!,1,2025-01-07,Regina D.
R0288,Samsung Galaxy A54,Build quality feels premium.,5,2023-10-04,Lauren M.
R0289,Samsung Washing Machine,Amazing display quality.,3,2023-07-19,Nicole W.
R0290,Samsung Galaxy Z Fold5,Feature-packed and smooth experience.,3,2023-12-16,Jason S.
R0291,Samsung Galaxy Z Fold5,Software updates are slow.,2,2024-12-28,Kaitlyn B.
R0292,Samsung Galaxy S23,Disappointed with the customer service.,4,2023-02-15,Morgan H.
R0293,Samsung Crystal UHD TV,Not worth the price.,1,2024-11-25,David D.
R0294,Samsung Galaxy S22,Heats up sometimes during heavy usage.,1,2024-08-06,Heidi M.
R0295,Samsung Galaxy S22,Not worth the price.,2,2024-10-31,Mallory S.
R0296,Samsung Galaxy Z Fold5,Software updates are slow.,1,2024-06-13,Jason R.
R0297,Samsung Galaxy Watch6,"Nice product, but a bit overpriced.",5,2023-10-25,Jennifer E.
R0298,Samsung Galaxy Buds2,Disappointed with the customer service.,3,2023-12-11,Julie R.
R0299,Samsung Galaxy Z Fold5,Disappointed with the customer service.,3,2024-06-28,Barbara L.
R0300,Samsung Soundbar,Good for basic usage.,4,2023-03-14,Brian B.
R0301,Samsung Crystal UHD TV,Speaker quality is amazing!,4,2023-07-30,Jason S.
R0302,Samsung QLED TV,Good for basic usage.,5,2024-04-16,Carol B.
R0303,Samsung Galaxy Watch6,Very user-friendly interface.,4,2023-05-06,Derrick P.
R0304,Samsung Crystal UHD TV,Feature-packed and smooth experience.,4,2024-05-30,Jennifer D.
R0305,Samsung Galaxy A54,"Nice product, but a bit overpriced.",2,2023-12-04,Justin W.
R0306,Samsung Soundbar,Speaker quality is amazing!,3,2024-06-22,Adam C.
R0307,Samsung Refrigerator,Performance is top-notch.,5,2025-01-05,Hannah W.
R0308,Samsung Galaxy S22,"Delivery was delayed, but the product is great.",3,2024-08-24,Matthew R.
R0309,Samsung Galaxy Buds2,Performance is top-notch.,4,2024-04-26,Paul P.
R0310,Samsung Air Conditioner,Very user-friendly interface.,1,2024-01-20,Brandon W.
R0311,Samsung Galaxy S23,Good for basic usage.,3,2024-08-13,Paul C.
R0312,Samsung Soundbar,Not worth the price.,3,2023-07-27,Samantha T.
R0313,Samsung Galaxy Z Fold5,"Delivery was delayed, but the product is great.",1,2023-08-31,Michael P.
R0314,Samsung Refrigerator,Feature-packed and smooth experience.,3,2024-04-18,Matthew W.
R0315,Samsung Crystal UHD TV,Love the camera quality!,4,2024-03-04,Kelly N.
R0316,Samsung Soundbar,"Not as expected, returning it.",4,2023-03-13,Stephen L.
R0317,Samsung Galaxy A54,Heats up sometimes during heavy usage.,3,2025-01-26,Brandy L.
R0318,Samsung Galaxy Z Fold5,Speaker quality is amazing!,1,2023-06-14,David S.
R0319,Samsung Galaxy Z Fold5,Highly recommend to others!,2,2023-07-24,Craig C.
R0320,Samsung Washing Machine,Highly recommend to others!,2,2023-10-21,Jacqueline H.
R0321,Samsung Refrigerator,Very user-friendly interface.,4,2024-11-13,Carol J.
R0322,Samsung QLED TV,Performance is top-notch.,3,2023-02-03,Larry H.
R0323,Samsung Galaxy Z Fold5,Speaker quality is amazing!,4,2024-05-07,Donald V.
R0324,Samsung Crystal UHD TV,Disappointed with the customer service.,3,2024-10-02,Jacob C.
R0325,Samsung Galaxy S23,Good for basic usage.,3,2023-08-18,April T.
R0326,Samsung Washing Machine,Performance is top-notch.,5,2024-07-15,Shelby J.
R0327,Samsung Air Conditioner,"Delivery was delayed, but the product is great.",2,2023-06-03,Lawrence R.
R0328,Samsung Galaxy Buds2,Love the camera quality!,5,2024-09-04,Bruce M.
R0329,Samsung Soundbar,Very user-friendly interface.,5,2023-08-27,Matthew K.
R0330,Samsung Galaxy S22,Amazing display quality.,2,2024-04-06,Kevin F.
R0331,Samsung Galaxy S23,Heats up sometimes during heavy usage.,5,2024-08-20,Eric B.
R0332,Samsung Soundbar,Software updates are slow.,5,2023-02-06,Victoria M.
R0333,Samsung QLED TV,Great value for money!,1,2023-05-21,Mary B.
R0334,Samsung Galaxy S22,Highly recommend to others!,3,2024-12-01,Mary C.
R0335,Samsung Soundbar,Build quality feels premium.,5,2024-09-14,Sandra M.
R0336,Samsung Refrigerator,Good for basic usage.,4,2024-03-05,Michelle D.
R0337,Samsung Galaxy S22,Not worth the price.,2,2023-11-03,Shannon B.
R0338,Samsung Soundbar,Great value for money!,4,2024-12-07,Terri G.
R0339,Samsung Galaxy Buds2,"Excellent product, very satisfied!",2,2024-09-10,Derrick H.
R0340,Samsung Soundbar,Performance is top-notch.,5,2024-08-06,Elizabeth E.
R0341,Samsung Galaxy Watch6,Amazing display quality.,1,2023-03-14,Joy N.
R0342,Samsung Air Conditioner,"Nice product, but a bit overpriced.",1,2024-09-02,Marissa F.
R0343,Samsung Galaxy S22,"Delivery was delayed, but the product is great.",5,2024-04-11,Bruce S.
R0344,Samsung Refrigerator,Disappointed with the customer service.,4,2023-08-16,Luis W.
R0345,Samsung Washing Machine,"Excellent product, very satisfied!",3,2023-06-21,Benjamin H.
R0346,Samsung Galaxy S23,Feature-packed and smooth experience.,5,2023-04-04,Jacob K.
R0347,Samsung QLED TV,Very durable and reliable.,2,2024-10-23,Amy R.
R0348,Samsung Refrigerator,Feature-packed and smooth experience.,5,2023-11-16,Michael S.
R0349,Samsung Soundbar,"Nice product, but a bit overpriced.",5,2023-03-09,Amanda G.
R0350,Samsung Washing Machine,"Excellent product, very satisfied!",1,2023-10-12,Laura F.
R0351,Samsung Galaxy Z Fold5,"Delivery was delayed, but the product is great.",1,2024-11-07,Micheal B.
R0352,Samsung Air Conditioner,"Not as expected, returning it.",2,2023-05-15,Michael A.
R0353,Samsung Galaxy Watch6,Great value for money!,2,2024-08-07,Anna L.
R0354,Samsung Galaxy S23,"Not as expected, returning it.",3,2024-04-27,Glenda S.
R0355,Samsung Galaxy Buds2,Battery life could be better.,1,2024-03-28,Katherine Q.
R0356,Samsung Galaxy Z Fold5,Heats up sometimes during heavy usage.,2,2024-08-17,Lisa G.
R0357,Samsung Crystal UHD TV,Not worth the price.,1,2023-06-19,Megan B.
R0358,Samsung Galaxy S23,Speaker quality is amazing!,3,2023-10-07,Bonnie C.
R0359,Samsung Galaxy Buds2,Not worth the price.,5,2024-08-21,Patricia H.
R0360,Samsung Galaxy Z Fold5,Performance is top-notch.,2,2024-05-14,Shane J.
R0361,Samsung Crystal UHD TV,Very user-friendly interface.,1,2023-02-19,Hector N.
R0362,Samsung QLED TV,"Nice product, but a bit overpriced.",2,2024-04-26,Ronald J.
R0363,Samsung Washing Machine,Heats up sometimes during heavy usage.,2,2024-08-10,Daniel M.
R0364,Samsung Galaxy S23,Good for basic usage.,4,2024-03-06,Christopher G.
R0365,Samsung Galaxy Buds2,Great value for money!,3,2023-08-21,Heather H.
R0366,Samsung Galaxy S22,"Excellent product, very satisfied!",1,2023-09-24,Brad S.
R0367,Samsung Soundbar,Feature-packed and smooth experience.,2,2024-05-09,Christopher M.
R0368,Samsung Galaxy Watch6,Disappointed with the customer service.,4,2023-04-16,Mason J.
R0369,Samsung Galaxy A54,"Nice product, but a bit overpriced.",1,2023-10-08,Molly V.
R0370,Samsung Galaxy S23,Highly recommend to others!,1,2024-12-30,John M.
R0371,Samsung Galaxy S23,Very user-friendly interface.,4,2023-07-25,Kathleen P.
R0372,Samsung Galaxy Z Fold5,Disappointed with the customer service.,1,2024-01-08,Robert M.
R0373,Samsung Galaxy S23,Battery life could be better.,5,2024-10-07,Maria S.
R0374,Samsung Soundbar,Feature-packed and smooth experience.,4,2023-08-17,David R.
R0375,Samsung Galaxy Buds2,Speaker quality is amazing!,1,2024-08-17,David N.
R0376,Samsung Refrigerator,Good for basic usage.,5,2024-08-06,Shannon S.
R0377,Samsung QLED TV,Not worth the price.,3,2023-06-18,Donna P.
R0378,Samsung Galaxy S22,"Nice product, but a bit overpriced.",1,2024-04-23,Matthew K.
R0379,Samsung Galaxy Buds2,Highly recommend to others!,3,2023-12-29,Matthew P.
R0380,Samsung Soundbar,Heats up sometimes during heavy usage.,3,2024-05-03,Sydney C.
R0381,Samsung Soundbar,Performance is top-notch.,3,2024-06-09,Casey C.
R0382,Samsung Refrigerator,Battery life could be better.,2,2024-07-14,Pamela P.
R0383,Samsung Washing Machine,Build quality feels premium.,4,2024-08-11,Daniel P.
R0384,Samsung Crystal UHD TV,Battery life could be better.,1,2024-09-08,Jennifer S.
R0385,Samsung Crystal UHD TV,"Not as expected, returning it.",5,2024-01-01,Lisa S.
R0386,Samsung Soundbar,Great value for money!,2,2023-08-30,Gabrielle G.
R0387,Samsung Refrigerator,Amazing display quality.,1,2024-09-19,Kyle M.
R0388,Samsung Galaxy A54,Very durable and reliable.,5,2024-02-18,Heather B.
R0389,Samsung Washing Machine,Love the camera quality!,5,2024-12-15,Rebecca J.
R0390,Samsung Galaxy S23,Performance is top-notch.,1,2024-11-26,Jacqueline M.
R0391,Samsung Galaxy S23,Performance is top-notch.,4,2024-11-05,Brittany W.
R0392,Samsung Refrigerator,Software updates are slow.,4,2023-10-06,Ashley L.
R0393,Samsung Washing Machine,Good for basic usage.,5,2025-01-15,Matthew L.
R0394,Samsung Refrigerator,"Excellent product, very satisfied!",1,2023-09-01,Courtney M.
R0395,Samsung Soundbar,Software updates are slow.,5,2024-11-10,Jared H.
R0396,Samsung Crystal UHD TV,Battery life could be better.,3,2024-11-21,Patricia M.
R0397,Samsung QLED TV,Disappointed with the customer service.,4,2024-10-15,Natalie L.
R0398,Samsung QLED TV,Great value for money!,4,2023-08-24,Robert C.
R0399,Samsung Galaxy S22,Highly recommend to others!,5,2024-01-07,David F.
R0400,Samsung Crystal UHD TV,Great value for money!,5,2025-01-08,Rachel W.
R0401,Samsung Galaxy S23,"Excellent product, very satisfied!",5,2024-07-19,Matthew S.
R0402,Samsung QLED TV,"Nice product, but a bit overpriced.",2,2024-03-17,Kevin W.
R0403,Samsung Air Conditioner,Build quality feels premium.,4,2024-05-01,Jared B.
R0404,Samsung Galaxy Z Fold5,Good for basic usage.,2,2024-04-12,Jeffrey H.
R0405,Samsung Soundbar,"Nice product, but a bit overpriced.",3,2023-07-20,Joan B.
R0406,Samsung Galaxy Watch6,Software updates are slow.,5,2024-07-22,Laura D.
R0407,Samsung Galaxy S23,Battery life could be better.,1,2024-09-25,Jason C.
R0408,Samsung Soundbar,Feature-packed and smooth experience.,2,2023-03-11,Micheal M.
R0409,Samsung Galaxy S23,Disappointed with the customer service.,1,2024-12-11,Courtney H.
R0410,Samsung QLED TV,"Delivery was delayed, but the product is great.",1,2024-11-01,Mary V.
R0411,Samsung QLED TV,Highly recommend to others!,3,2023-10-18,Thomas W.
R0412,Samsung Soundbar,Very durable and reliable.,4,2023-10-13,Stephanie P.
R0413,Samsung Washing Machine,Performance is top-notch.,5,2025-01-20,Gregory C.
R0414,Samsung Air Conditioner,Good for basic usage.,3,2024-10-12,Elizabeth H.
R0415,Samsung Air Conditioner,Speaker quality is amazing!,3,2024-03-30,Dakota H.
R0416,Samsung Galaxy Watch6,Battery life could be better.,2,2025-01-09,Shelby N.
R0417,Samsung Washing Machine,Software updates are slow.,3,2024-09-11,Matthew L.
R0418,Samsung Galaxy S23,Build quality feels premium.,2,2024-03-03,Jeffrey A.
R0419,Samsung Galaxy Z Fold5,Disappointed with the customer service.,2,2023-02-18,Robin E.
R0420,Samsung Galaxy Watch6,Not worth the price.,3,2023-03-28,Timothy J.
R0421,Samsung Galaxy Buds2,Disappointed with the customer service.,3,2023-05-26,Mark L.
R0422,Samsung Galaxy A54,Not worth the price.,3,2023-06-28,Christopher S.
R0423,Samsung Crystal UHD TV,Disappointed with the customer service.,3,2023-12-03,Matthew W.
R0424,Samsung Washing Machine,Highly recommend to others!,1,2023-12-19,Donna B.
R0425,Samsung Crystal UHD TV,Software updates are slow.,4,2024-07-20,Tyler K.
R0426,Samsung Washing Machine,Amazing display quality.,4,2023-03-06,Andrew M.
R0427,Samsung QLED TV,Battery life could be better.,1,2023-03-05,Clifford D.
R0428,Samsung Refrigerator,Very durable and reliable.,4,2023-08-31,Richard K.
R0429,Samsung Washing Machine,"Not as expected, returning it.",1,2023-06-06,Stephanie M.
R0430,Samsung Galaxy A54,Speaker quality is amazing!,3,2025-01-28,Melissa H.
R0431,Samsung Galaxy Watch6,Amazing display quality.,2,2024-11-05,Leah C.
R0432,Samsung Galaxy Z Fold5,Highly recommend to others!,2,2024-02-28,Anthony B.
R0433,Samsung Galaxy S22,Highly recommend to others!,4,2024-06-16,Rebekah C.
R0434,Samsung Soundbar,Disappointed with the customer service.,3,2024-12-21,Lisa B.
R0435,Samsung Galaxy Watch6,Performance is top-notch.,5,2024-02-06,Nicholas N.
R0436,Samsung Soundbar,Speaker quality is amazing!,1,2024-11-20,Cheryl M.
R0437,Samsung Galaxy Buds2,Very durable and reliable.,3,2023-03-07,Henry L.
R0438,Samsung Soundbar,Disappointed with the customer service.,1,2023-03-27,Alicia Y.
R0439,Samsung Galaxy Z Fold5,Highly recommend to others!,5,2024-03-17,Shari M.
R0440,Samsung Galaxy S23,Very user-friendly interface.,4,2023-02-23,Jennifer H.
R0441,Samsung Galaxy A54,Love the camera quality!,2,2024-07-02,Julia F.
R0442,Samsung Galaxy S23,Disappointed with the customer service.,5,2023-12-06,Andrew D.
R0443,Samsung Washing Machine,Software updates are slow.,5,2024-03-13,Barbara J.
R0444,Samsung Washing Machine,Build quality feels premium.,3,2023-11-22,Thomas T.
R0445,Samsung Soundbar,Speaker quality is amazing!,1,2023-04-28,Shane M.
R0446,Samsung Air Conditioner,Very user-friendly interface.,2,2024-01-18,Tiffany L.
R0447,Samsung Galaxy A54,Speaker quality is amazing!,3,2024-10-16,Sara F.
R0448,Samsung Galaxy S22,Not worth the price.,4,2024-04-21,John H.
R0449,Samsung Galaxy Watch6,Performance is top-notch.,4,2023-04-11,William M.
R0450,Samsung Galaxy A54,Disappointed with the customer service.,4,2024-10-26,Ashley S.
R0451,Samsung Refrigerator,Very durable and reliable.,3,2024-02-14,Chad B.
R0452,Samsung Galaxy Z Fold5,Not worth the price.,3,2023-02-15,Charles R.
R0453,Samsung Galaxy A54,Performance is top-notch.,2,2023-08-23,Cynthia W.
R0454,Samsung Refrigerator,Love the camera quality!,3,2024-01-29,Sheri M.
R0455,Samsung Washing Machine,Feature-packed and smooth experience.,2,2023-07-17,Ian H.
R0456,Samsung Galaxy Watch6,Disappointed with the customer service.,4,2023-06-03,Kristin W.
R0457,Samsung QLED TV,Amazing display quality.,2,2024-01-25,Heather K.
R0458,Samsung Galaxy S22,Not worth the price.,3,2023-03-24,Stephanie W.
R0459,Samsung QLED TV,Great value for money!,2,2023-04-06,Melissa Y.
R0460,Samsung Galaxy Z Fold5,Feature-packed and smooth experience.,3,2024-10-08,Jack C.
R0461,Samsung Galaxy Z Fold5,Feature-packed and smooth experience.,2,2023-05-13,Kathleen M.
R0462,Samsung Refrigerator,"Delivery was delayed, but the product is great.",5,2023-10-15,Jessica K.
R0463,Samsung Galaxy S22,Very user-friendly interface.,4,2024-06-11,Daniel S.
R0464,Samsung Galaxy A54,Highly recommend to others!,5,2024-04-13,Holly F.
R0465,Samsung QLED TV,Great value for money!,4,2025-01-02,Miguel G.
R0466,Samsung Galaxy Z Fold5,Very user-friendly interface.,4,2024-12-22,Alexander L.
R0467,Samsung Galaxy A54,Highly recommend to others!,3,2023-11-20,Stephanie F.
R0468,Samsung Washing Machine,Great value for money!,2,2023-03-25,Patricia G.
R0469,Samsung Crystal UHD TV,Not worth the price.,5,2023-01-31,Angela A.
R0470,Samsung Galaxy S22,"Not as expected, returning it.",4,2024-08-16,Raymond D.
R0471,Samsung Galaxy Z Fold5,"Delivery was delayed, but the product is great.",2,2023-02-18,Matthew W.
R0472,Samsung Galaxy A54,Speaker quality is amazing!,4,2023-07-12,Katherine S.
R0473,Samsung QLED TV,"Not as expected, returning it.",2,2024-05-21,Autumn L.
R0474,Samsung Refrigerator,Highly recommend to others!,2,2024-10-19,Daniel P.
R0475,Samsung Galaxy S22,Highly recommend to others!,4,2024-12-31,Keith B.
R0476,Samsung Galaxy Buds2,Very durable and reliable.,3,2025-01-05,Anthony M.
R0477,Samsung Galaxy Watch6,Disappointed with the customer service.,3,2024-10-10,Tracy W.
R0478,Samsung Washing Machine,Performance is top-notch.,1,2024-02-23,John O.
R0479,Samsung Galaxy Buds2,"Not as expected, returning it.",1,2024-10-02,Kathy J.
R0480,Samsung Crystal UHD TV,Disappointed with the customer service.,2,2023-07-13,April S.
R0481,Samsung Crystal UHD TV,Heats up sometimes during heavy usage.,3,2024-11-19,Jessica M.
R0482,Samsung Galaxy S22,Love the camera quality!,3,2024-08-07,Aaron P.
R0483,Samsung Washing Machine,"Excellent product, very satisfied!",4,2024-01-10,Johnathan R.
R0484,Samsung Galaxy Z Fold5,Good for basic usage.,2,2023-03-24,Alan N.
R0485,Samsung QLED TV,Build quality feels premium.,3,2024-03-06,Robert M.
R0486,Samsung Crystal UHD TV,Good for basic usage.,1,2024-04-22,Jasmine C.
R0487,Samsung Galaxy S23,Very user-friendly interface.,4,2024-04-26,Allen T.
R0488,Samsung Galaxy Watch6,"Delivery was delayed, but the product is great.",1,2024-06-15,Kathy E.
R0489,Samsung QLED TV,Disappointed with the customer service.,1,2023-11-26,Ashley C.
R0490,Samsung Crystal UHD TV,Good for basic usage.,2,2024-05-13,Andrew O.
R0491,Samsung Refrigerator,"Nice product, but a bit overpriced.",1,2025-01-24,James B.
R0492,Samsung Galaxy S23,Very user-friendly interface.,3,2023-07-12,Jesse K.
R0493,Samsung Galaxy Z Fold5,Heats up sometimes during heavy usage.,2,2024-07-04,Stacy C.
R0494,Samsung Galaxy S22,Amazing display quality.,2,2024-04-16,Tyler J.
R0495,Samsung QLED TV,Not worth the price.,3,2023-09-28,Jonathan P.
R0496,Samsung Air Conditioner,Good for basic usage.,2,2024-06-13,Brad W.
R0497,Samsung QLED TV,Speaker quality is amazing!,3,2023-04-23,Nathan W.
R0498,Samsung Washing Machine,Build quality feels premium.,3,2025-01-07,Ryan J.
R0499,Samsung Washing Machine,Very durable and reliable.,1,2024-05-21,Robert J.
R0500,Samsung Galaxy Buds2,Very durable and reliable.,4,2024-05-12,Kyle B.
R0501,Samsung Soundbar,Battery life could be better.,2,2024-03-21,Tina W.
R0502,Samsung Refrigerator,Software updates are slow.,5,2025-01-07,Charles J.
R0503,Samsung Galaxy A54,Very user-friendly interface.,5,2024-05-24,Ryan M.
R0504,Samsung Crystal UHD TV,Feature-packed and smooth experience.,3,2023-07-20,Kristie J.
R0505,Samsung Refrigerator,Good for basic usage.,5,2024-06-09,Jenny L.
R0506,Samsung Refrigerator,Heats up sometimes during heavy usage.,2,2023-06-13,Angie J.
R0507,Samsung Crystal UHD TV,"Nice product, but a bit overpriced.",3,2023-06-25,Zoe A.
R0508,Samsung Refrigerator,Very user-friendly interface.,5,2024-12-12,Nicholas Y.
R0509,Samsung Refrigerator,Highly recommend to others!,3,2023-04-20,Erica M.
R0510,Samsung Galaxy S23,Very durable and reliable.,3,2024-01-21,Patricia M.
R0511,Samsung Galaxy Watch6,"Delivery was delayed, but the product is great.",3,2024-10-27,Mary R.
R0512,Samsung Washing Machine,Heats up sometimes during heavy usage.,5,2024-06-02,Amber M.
R0513,Samsung QLED TV,Love the camera quality!,4,2024-07-05,Lori G.
R0514,Samsung Galaxy Z Fold5,"Delivery was delayed, but the product is great.",4,2023-02-16,Elizabeth K.
R0515,Samsung Washing Machine,"Not as expected, returning it.",5,2024-02-25,James R.
R0516,Samsung Galaxy A54,Heats up sometimes during heavy usage.,5,2024-04-15,Jennifer N.
R0517,Samsung Galaxy S22,Feature-packed and smooth experience.,4,2024-09-16,Shane P.
R0518,Samsung Air Conditioner,Software updates are slow.,5,2024-05-18,Jamie M.
R0519,Samsung Soundbar,Good for basic usage.,2,2023-02-16,James M.
R0520,Samsung Galaxy A54,Disappointed with the customer service.,2,2023-02-09,Sarah J.
R0521,Samsung Galaxy Watch6,Very user-friendly interface.,1,2025-01-24,Lisa R.
R0522,Samsung Washing Machine,Good for basic usage.,4,2023-09-02,Matthew A.
R0523,Samsung Crystal UHD TV,Amazing display quality.,3,2024-01-31,Michelle S.
R0524,Samsung Galaxy S22,Disappointed with the customer service.,4,2024-10-28,Erica P.
R0525,Samsung Refrigerator,Heats up sometimes during heavy usage.,2,2024-10-30,Susan B.
R0526,Samsung Galaxy A54,"Nice product, but a bit overpriced.",2,2023-04-07,William H.
R0527,Samsung Galaxy Z Fold5,Not worth the price.,2,2024-04-05,Suzanne M.
R0528,Samsung Galaxy A54,Speaker quality is amazing!,5,2023-10-08,Kevin R.
R0529,Samsung Crystal UHD TV,Highly recommend to others!,2,2023-02-15,Andrea P.
R0530,Samsung Galaxy Z Fold5,Great value for money!,2,2024-11-07,Michael C.
R0531,Samsung Washing Machine,"Not as expected, returning it.",2,2024-07-21,Joe G.
R0532,Samsung Galaxy Watch6,Heats up sometimes during heavy usage.,1,2024-07-12,Rose B.
R0533,Samsung Soundbar,Software updates are slow.,1,2024-06-04,Christine G.
R0534,Samsung Air Conditioner,Not worth the price.,3,2023-06-22,Ashley L.
R0535,Samsung Refrigerator,"Excellent product, very satisfied!",1,2023-12-15,Eileen C.
R0536,Samsung QLED TV,Build quality feels premium.,5,2023-07-03,Michael M.
R0537,Samsung Refrigerator,Battery life could be better.,5,2023-07-28,Elizabeth H.
R0538,Samsung QLED TV,"Nice product, but a bit overpriced.",1,2024-12-04,Joseph N.
R0539,Samsung Galaxy Buds2,Amazing display quality.,2,2024-02-03,Jody S.
R0540,Samsung Galaxy S22,Love the camera quality!,1,2024-07-02,Joshua D.
R0541,Samsung Galaxy S22,Very durable and reliable.,1,2024-01-21,John B.
R0542,Samsung Air Conditioner,Good for basic usage.,5,2023-03-18,Ruth G.
R0543,Samsung Refrigerator,Very durable and reliable.,2,2023-10-02,Brandi N.
R0544,Samsung Galaxy A54,Not worth the price.,4,2023-12-28,Todd B.
R0545,Samsung QLED TV,Love the camera quality!,1,2024-06-16,Patricia K.
R0546,Samsung Galaxy Watch6,Very user-friendly interface.,4,2023-05-01,Allen B.
R0547,Samsung Galaxy Z Fold5,Feature-packed and smooth experience.,1,2024-03-14,Christine B.
R0548,Samsung QLED TV,Great value for money!,5,2023-03-29,Krista L.
R0549,Samsung Galaxy S23,Software updates are slow.,4,2024-03-25,Sarah W.
R0550,Samsung Air Conditioner,Amazing display quality.,1,2024-01-20,Melissa T.
R0551,Samsung Crystal UHD TV,"Nice product, but a bit overpriced.",4,2023-09-30,Michael S.
R0552,Samsung QLED TV,"Nice product, but a bit overpriced.",2,2023-10-26,Peter G.
R0553,Samsung QLED TV,"Not as expected, returning it.",1,2024-11-15,Ryan B.
R0554,Samsung Galaxy S23,Heats up sometimes during heavy usage.,4,2024-04-24,Erica H.
R0555,Samsung QLED TV,"Nice product, but a bit overpriced.",1,2023-10-12,Jason W.
R0556,Samsung Galaxy Watch6,Heats up sometimes during heavy usage.,4,2024-12-07,Robert B.
R0557,Samsung Galaxy Watch6,Very user-friendly interface.,2,2023-07-11,John F.
R0558,Samsung Galaxy Z Fold5,"Not as expected, returning it.",4,2024-06-23,Daniel G.
R0559,Samsung Galaxy A54,Speaker quality is amazing!,3,2023-06-13,Joanne K.
R0560,Samsung Galaxy Watch6,Good for basic usage.,2,2024-08-29,Lori M.
R0561,Samsung Galaxy Watch6,Battery life could be better.,4,2023-07-14,Elizabeth T.
R0562,Samsung Washing Machine,Heats up sometimes during heavy usage.,1,2023-01-31,George R.
R0563,Samsung Crystal UHD TV,Disappointed with the customer service.,5,2023-07-25,Benjamin W.
R0564,Samsung Soundbar,"Excellent product, very satisfied!",2,2023-11-22,Richard P.
R0565,Samsung QLED TV,Very durable and reliable.,3,2024-02-25,Amy Y.
R0566,Samsung Soundbar,Feature-packed and smooth experience.,4,2023-05-21,Emily R.
R0567,Samsung Galaxy S23,Love the camera quality!,2,2024-11-25,Taylor H.
R0568,Samsung Galaxy S22,Heats up sometimes during heavy usage.,5,2023-05-20,Carol A.
R0569,Samsung Air Conditioner,Feature-packed and smooth experience.,5,2023-05-03,Samantha J.
R0570,Samsung Galaxy Watch6,Love the camera quality!,5,2024-05-13,Alicia L.
R0571,Samsung Galaxy Z Fold5,Build quality feels premium.,4,2024-05-25,Anne M.
R0572,Samsung Galaxy S22,Battery life could be better.,3,2024-08-07,Samantha K.
R0573,Samsung Crystal UHD TV,Disappointed with the customer service.,2,2023-06-19,Adrienne P.
R0574,Samsung QLED TV,Build quality feels premium.,2,2024-11-03,Victoria S.
R0575,Samsung Air Conditioner,"Delivery was delayed, but the product is great.",5,2023-08-01,Amy B.
R0576,Samsung Air Conditioner,Performance is top-notch.,5,2023-05-19,Chad R.
R0577,Samsung Washing Machine,Amazing display quality.,5,2023-09-28,Dennis K.
R0578,Samsung Refrigerator,Amazing display quality.,2,2023-03-03,Alejandro D.
R0579,Samsung Galaxy S23,Great value for money!,2,2023-04-12,Wendy M.
R0580,Samsung Air Conditioner,Good for basic usage.,5,2024-05-07,Sara T.
R0581,Samsung Crystal UHD TV,Build quality feels premium.,2,2024-08-26,Sarah C.
R0582,Samsung Galaxy Z Fold5,Very durable and reliable.,3,2024-04-16,Victoria H.
R0583,Samsung Galaxy Watch6,Disappointed with the customer service.,1,2023-03-20,Allison B.
R0584,Samsung Soundbar,Very user-friendly interface.,3,2025-01-26,Alejandro W.
R0585,Samsung Galaxy Z Fold5,"Excellent product, very satisfied!",4,2024-04-16,Felicia M.
R0586,Samsung QLED TV,Very user-friendly interface.,4,2024-05-14,Carol H.
R0587,Samsung Washing Machine,Good for basic usage.,3,2024-02-17,Michelle S.
R0588,Samsung Galaxy S23,Build quality feels premium.,1,2024-12-03,Laura B.
R0589,Samsung Galaxy Z Fold5,Feature-packed and smooth experience.,4,2024-11-25,Laura N.
R0590,Samsung Refrigerator,"Excellent product, very satisfied!",3,2023-12-03,Wayne R.
R0591,Samsung Refrigerator,Heats up sometimes during heavy usage.,4,2023-02-04,Bobby D.
R0592,Samsung Air Conditioner,Very user-friendly interface.,3,2024-03-03,Steven W.
R0593,Samsung Galaxy A54,Amazing display quality.,2,2023-06-17,Jennifer P.
R0594,Samsung Galaxy S23,Software updates are slow.,1,2024-02-29,Joseph V.
R0595,Samsung Galaxy A54,Highly recommend to others!,3,2024-12-24,Tanya L.
R0596,Samsung Galaxy S22,Not worth the price.,5,2024-07-02,Michael P.
R0597,Samsung Galaxy S22,Very durable and reliable.,4,2024-10-14,Rachel K.
R0598,Samsung Galaxy S23,Great value for money!,4,2024-07-11,Amy B.
R0599,Samsung Galaxy Z Fold5,Heats up sometimes during heavy usage.,4,2024-04-25,Richard E.
R0600,Samsung Refrigerator,Software updates are slow.,2,2024-10-05,Robert C.
R0601,Samsung Galaxy Z Fold5,"Delivery was delayed, but the product is great.",2,2024-06-02,Anthony T.
R0602,Samsung Crystal UHD TV,Good for basic usage.,3,2023-04-22,Samantha B.
R0603,Samsung Crystal UHD TV,"Delivery was delayed, but the product is great.",4,2024-01-10,Diane T.
R0604,Samsung Galaxy Z Fold5,Disappointed with the customer service.,3,2023-10-09,Alexa C.
R0605,Samsung Soundbar,Feature-packed and smooth experience.,2,2023-05-14,Nicholas R.
R0606,Samsung Galaxy S22,Love the camera quality!,4,2024-06-25,Cathy C.
R0607,Samsung QLED TV,Very user-friendly interface.,3,2023-03-02,Debbie G.
R0608,Samsung Galaxy Buds2,Great value for money!,4,2024-06-14,Michael L.
R0609,Samsung Crystal UHD TV,Good for basic usage.,5,2024-08-19,Micheal H.
R0610,Samsung Soundbar,Highly recommend to others!,5,2024-12-31,George G.
R0611,Samsung Crystal UHD TV,Very durable and reliable.,1,2023-10-01,David A.
R0612,Samsung Galaxy A54,Amazing display quality.,4,2024-03-17,Cynthia S.
R0613,Samsung Galaxy S23,Disappointed with the customer service.,1,2023-08-01,Ian E.
R0614,Samsung Air Conditioner,Very durable and reliable.,1,2023-04-21,Holly F.
R0615,Samsung Galaxy S23,Software updates are slow.,5,2023-03-28,Timothy F.
R0616,Samsung Galaxy Z Fold5,Heats up sometimes during heavy usage.,5,2023-06-25,Ricardo G.
R0617,Samsung Galaxy Buds2,Speaker quality is amazing!,1,2023-02-28,Robert F.
R0618,Samsung Refrigerator,Amazing display quality.,2,2024-09-08,Cynthia G.
R0619,Samsung Soundbar,"Not as expected, returning it.",4,2024-08-06,Samuel M.
R0620,Samsung Galaxy A54,Very user-friendly interface.,3,2023-10-26,Ashley M.
R0621,Samsung Galaxy Buds2,Great value for money!,2,2024-08-05,Jennifer R.
R0622,Samsung Galaxy S22,Performance is top-notch.,3,2023-06-09,Christopher C.
R0623,Samsung Crystal UHD TV,"Nice product, but a bit overpriced.",3,2023-06-28,Daniel L.
R0624,Samsung Galaxy Z Fold5,Not worth the price.,5,2023-10-12,Juan R.
R0625,Samsung Galaxy S22,"Not as expected, returning it.",3,2024-01-06,Richard H.
R0626,Samsung Washing Machine,Very durable and reliable.,5,2023-05-23,John T.
R0627,Samsung Galaxy Buds2,"Not as expected, returning it.",5,2023-05-25,Kristen M.
R0628,Samsung Galaxy Watch6,Performance is top-notch.,3,2023-09-04,James P.
R0629,Samsung Galaxy Buds2,Very user-friendly interface.,2,2023-02-04,Kimberly J.
R0630,Samsung Galaxy A54,Very durable and reliable.,4,2024-11-15,Kristi P.
R0631,Samsung Refrigerator,Good for basic usage.,1,2024-10-14,Teresa H.
R0632,Samsung QLED TV,Very user-friendly interface.,3,2024-02-11,Joshua T.
R0633,Samsung Galaxy A54,Software updates are slow.,5,2024-01-20,Dean M.
R0634,Samsung Galaxy S22,Software updates are slow.,2,2024-09-22,Valerie D.
R0635,Samsung Washing Machine,"Delivery was delayed, but the product is great.",2,2023-05-02,Jennifer M.
R0636,Samsung Galaxy A54,Battery life could be better.,2,2024-08-10,Alexander P.
R0637,Samsung Galaxy Z Fold5,Highly recommend to others!,2,2024-02-29,Jason M.
R0638,Samsung QLED TV,"Nice product, but a bit overpriced.",3,2023-11-21,Denise N.
R0639,Samsung Galaxy Z Fold5,Amazing display quality.,4,2024-01-29,Joshua B.
R0640,Samsung Washing Machine,Very user-friendly interface.,3,2024-10-25,Sandra M.
R0641,Samsung Galaxy S22,Software updates are slow.,4,2024-08-12,David W.
R0642,Samsung QLED TV,Speaker quality is amazing!,5,2024-02-02,Jessica C.
R0643,Samsung Washing Machine,Not worth the price.,2,2024-10-18,Tony T.
R0644,Samsung Galaxy Z Fold5,Performance is top-notch.,4,2024-11-14,Terrance D.
R0645,Samsung Galaxy S22,Not worth the price.,5,2023-07-08,Kevin B.
R0646,Samsung Refrigerator,"Excellent product, very satisfied!",5,2024-11-25,James H.
R0647,Samsung Galaxy Z Fold5,Very durable and reliable.,3,2023-02-01,Melissa G.
R0648,Samsung QLED TV,"Nice product, but a bit overpriced.",5,2025-01-22,Peter B.
R0649,Samsung Galaxy Z Fold5,Not worth the price.,1,2024-04-16,Alexandra C.
R0650,Samsung QLED TV,Speaker quality is amazing!,4,2024-08-18,William D.
R0651,Samsung Air Conditioner,Love the camera quality!,3,2023-02-05,Jimmy Y.
R0652,Samsung Air Conditioner,Very user-friendly interface.,1,2024-05-18,Brandon S.
R0653,Samsung Galaxy Z Fold5,Great value for money!,5,2024-01-25,Daniel M.
R0654,Samsung Galaxy S22,"Nice product, but a bit overpriced.",3,2023-12-29,Dana J.
R0655,Samsung Soundbar,"Nice product, but a bit overpriced.",3,2023-10-26,Darius P.
R0656,Samsung Air Conditioner,"Delivery was delayed, but the product is great.",2,2024-11-14,Tiffany H.
R0657,Samsung Soundbar,"Not as expected, returning it.",2,2023-02-24,Jeffrey F.
R0658,Samsung Galaxy A54,Feature-packed and smooth experience.,3,2023-02-28,Beverly B.
R0659,Samsung Galaxy Z Fold5,Speaker quality is amazing!,5,2023-07-18,Cynthia P.
R0660,Samsung Washing Machine,Great value for money!,3,2024-08-02,Wesley S.
R0661,Samsung Galaxy Z Fold5,"Delivery was delayed, but the product is great.",1,2023-06-11,Rachel C.
R0662,Samsung QLED TV,"Nice product, but a bit overpriced.",2,2024-12-15,Laura C.
R0663,Samsung Galaxy A54,"Nice product, but a bit overpriced.",4,2024-07-20,Anna W.
R0664,Samsung Galaxy Watch6,Speaker quality is amazing!,2,2024-10-15,Kevin M.
R0665,Samsung Air Conditioner,Good for basic usage.,1,2023-04-10,Michelle B.
R0666,Samsung Galaxy S22,Battery life could be better.,5,2024-05-18,Leslie O.
R0667,Samsung Galaxy Z Fold5,Good for basic usage.,1,2024-08-22,Claudia M.
R0668,Samsung Washing Machine,Love the camera quality!,4,2024-12-04,Anna T.
R0669,Samsung Crystal UHD TV,"Excellent product, very satisfied!",4,2023-09-08,Kathleen B.
R0670,Samsung Washing Machine,Software updates are slow.,1,2023-02-18,Brett R.
R0671,Samsung Crystal UHD TV,Highly recommend to others!,5,2024-07-03,Mercedes B.
R0672,Samsung Galaxy A54,"Excellent product, very satisfied!",1,2023-02-19,Stephen M.
R0673,Samsung Washing Machine,Software updates are slow.,4,2023-09-21,Stephanie F.
R0674,Samsung Refrigerator,Great value for money!,5,2024-01-23,Rodney P.
R0675,Samsung Galaxy A54,"Nice product, but a bit overpriced.",4,2023-06-01,Joshua C.
R0676,Samsung Air Conditioner,Love the camera quality!,5,2024-03-25,Kelly B.
R0677,Samsung Soundbar,Not worth the price.,2,2023-02-08,Jonathan T.
R0678,Samsung Refrigerator,Software updates are slow.,3,2024-01-16,William R.
R0679,Samsung Galaxy Buds2,Software updates are slow.,2,2024-08-06,Leslie G.
R0680,Samsung Galaxy A54,"Delivery was delayed, but the product is great.",4,2024-08-25,Anthony P.
R0681,Samsung Galaxy Buds2,Battery life could be better.,5,2023-02-18,Jared M.
R0682,Samsung Soundbar,Software updates are slow.,3,2023-07-09,Jacob M.
R0683,Samsung Washing Machine,Disappointed with the customer service.,1,2023-11-26,Gregory S.
R0684,Samsung Galaxy Watch6,Love the camera quality!,2,2024-02-07,Lisa L.
R0685,Samsung Galaxy S23,Love the camera quality!,5,2023-03-25,Michael D.
R0686,Samsung Refrigerator,Software updates are slow.,5,2024-02-23,Daniel G.
R0687,Samsung Galaxy Buds2,Feature-packed and smooth experience.,2,2024-11-17,Mary G.
R0688,Samsung Galaxy A54,"Not as expected, returning it.",4,2024-01-22,Kathleen M.
R0689,Samsung Refrigerator,"Not as expected, returning it.",2,2024-12-22,Charles H.
R0690,Samsung Galaxy S23,Very user-friendly interface.,1,2023-09-08,Amanda G.
R0691,Samsung Refrigerator,Performance is top-notch.,1,2023-12-07,Danielle W.
R0692,Samsung Galaxy Watch6,"Not as expected, returning it.",5,2024-08-31,Robert H.
R0693,Samsung Washing Machine,Speaker quality is amazing!,3,2024-02-26,Martin W.
R0694,Samsung Galaxy Watch6,Battery life could be better.,2,2024-07-29,Robin R.
R0695,Samsung Galaxy Watch6,Disappointed with the customer service.,4,2024-03-31,Scott N.
R0696,Samsung Refrigerator,"Excellent product, very satisfied!",1,2023-10-13,Leslie C.
R0697,Samsung Refrigerator,Good for basic usage.,2,2023-03-11,Benjamin H.
R0698,Samsung Air Conditioner,Software updates are slow.,5,2024-03-15,Samuel D.
R0699,Samsung Soundbar,Amazing display quality.,5,2023-12-23,Erica G.
R0700,Samsung Crystal UHD TV,Not worth the price.,1,2023-02-14,Brad S.
R0701,Samsung Galaxy A54,Amazing display quality.,2,2024-06-28,Martin V.
R0702,Samsung Galaxy Buds2,Speaker quality is amazing!,3,2024-07-30,David L.
R0703,Samsung Galaxy Z Fold5,Very user-friendly interface.,4,2024-01-21,Mary H.
R0704,Samsung Galaxy Watch6,Great value for money!,5,2024-11-22,David B.
R0705,Samsung Galaxy S23,Disappointed with the customer service.,1,2023-07-21,Tina S.
R0706,Samsung Galaxy Buds2,Very user-friendly interface.,3,2024-06-10,Kimberly S.
R0707,Samsung Galaxy Buds2,Amazing display quality.,4,2023-07-20,Henry S.
R0708,Samsung Galaxy S23,Feature-packed and smooth experience.,5,2024-04-18,Adam H.
R0709,Samsung Galaxy Buds2,Love the camera quality!,5,2024-11-07,Zachary S.
R0710,Samsung Washing Machine,"Delivery was delayed, but the product is great.",2,2023-12-21,Christopher C.
R0711,Samsung Washing Machine,Highly recommend to others!,5,2023-02-11,Kelly C.
R0712,Samsung QLED TV,Amazing display quality.,2,2023-05-31,Jamie G.
R0713,Samsung Galaxy A54,Very durable and reliable.,4,2024-06-20,Jonathan S.
R0714,Samsung Galaxy S23,Not worth the price.,3,2023-02-11,Pamela S.
R0715,Samsung Crystal UHD TV,Performance is top-notch.,2,2024-06-26,Andrew P.
R0716,Samsung Soundbar,Very user-friendly interface.,3,2024-08-14,James W.
R0717,Samsung Washing Machine,Not worth the price.,4,2023-04-27,Wendy J.
R0718,Samsung Galaxy Buds2,Very durable and reliable.,2,2025-01-12,Leonard Q.
R0719,Samsung Galaxy S23,Great value for money!,4,2023-03-14,Carolyn A.
R0720,Samsung Refrigerator,"Not as expected, returning it.",1,2023-12-08,Thomas H.
R0721,Samsung Refrigerator,"Not as expected, returning it.",3,2023-11-13,Tyler W.
R0722,Samsung Galaxy Buds2,Very user-friendly interface.,3,2023-03-28,Andre C.
R0723,Samsung Refrigerator,Heats up sometimes during heavy usage.,3,2023-02-10,Richard S.
R0724,Samsung Galaxy Watch6,Not worth the price.,4,2023-04-22,Linda P.
R0725,Samsung Refrigerator,Very user-friendly interface.,4,2024-03-07,Barbara F.
R0726,Samsung Galaxy S22,Highly recommend to others!,2,2023-11-30,Michelle R.
R0727,Samsung Washing Machine,"Nice product, but a bit overpriced.",1,2024-02-04,James H.
R0728,Samsung Galaxy Buds2,Software updates are slow.,3,2023-02-09,Danielle A.
R0729,Samsung Washing Machine,Good for basic usage.,1,2023-03-12,Jay B.
R0730,Samsung Soundbar,"Nice product, but a bit overpriced.",5,2024-04-14,Amy G.
R0731,Samsung Galaxy Z Fold5,"Nice product, but a bit overpriced.",3,2023-04-04,Sarah W.
R0732,Samsung Galaxy Watch6,"Excellent product, very satisfied!",1,2023-09-30,Roger G.
R0733,Samsung Soundbar,"Nice product, but a bit overpriced.",1,2025-01-28,Gregory G.
R0734,Samsung Soundbar,"Excellent product, very satisfied!",2,2024-03-18,Daniel K.
R0735,Samsung Refrigerator,Battery life could be better.,1,2023-07-14,Kevin F.
R0736,Samsung Galaxy S22,Speaker quality is amazing!,4,2023-02-20,Jose R.
R0737,Samsung Soundbar,"Nice product, but a bit overpriced.",3,2024-09-21,Michael C.
R0738,Samsung Galaxy S23,"Not as expected, returning it.",2,2023-11-27,Jeffrey R.
R0739,Samsung Soundbar,Very user-friendly interface.,5,2023-09-09,Carmen H.
R0740,Samsung Galaxy Watch6,Battery life could be better.,3,2023-03-23,Luis I.
R0741,Samsung Galaxy S22,Good for basic usage.,4,2025-01-27,Adriana Y.
R0742,Samsung Galaxy Z Fold5,Speaker quality is amazing!,5,2023-10-06,Ronnie F.
R0743,Samsung Galaxy A54,Software updates are slow.,3,2023-08-06,Travis H.
R0744,Samsung QLED TV,"Not as expected, returning it.",1,2023-06-05,Ryan R.
R0745,Samsung Galaxy Watch6,Not worth the price.,1,2023-08-08,Edwin G.
R0746,Samsung Refrigerator,Very user-friendly interface.,2,2023-10-02,Kelly C.
R0747,Samsung Galaxy S22,Very durable and reliable.,1,2024-07-20,Julie W.
R0748,Samsung Air Conditioner,Love the camera quality!,5,2023-08-04,Michael B.
R0749,Samsung Refrigerator,Not worth the price.,4,2024-04-08,Brittany F.
R0750,Samsung Galaxy S23,Software updates are slow.,4,2023-06-24,Fernando S.
R0751,Samsung QLED TV,Performance is top-notch.,4,2024-07-19,Denise F.
R0752,Samsung Galaxy S23,Software updates are slow.,2,2023-03-11,John S.
R0753,Samsung Galaxy S23,"Nice product, but a bit overpriced.",3,2023-07-28,Travis K.
R0754,Samsung Galaxy Z Fold5,Not worth the price.,3,2023-04-15,Aimee A.
R0755,Samsung Galaxy A54,Amazing display quality.,1,2024-08-11,Erica S.
R0756,Samsung Galaxy S22,Feature-packed and smooth experience.,2,2024-11-15,April M.
R0757,Samsung Soundbar,Performance is top-notch.,1,2024-02-17,Chelsea B.
R0758,Samsung Galaxy Z Fold5,Highly recommend to others!,3,2024-01-16,Mark L.
R0759,Samsung Air Conditioner,Feature-packed and smooth experience.,4,2024-03-07,Thomas S.
R0760,Samsung Galaxy Buds2,Heats up sometimes during heavy usage.,2,2023-06-01,Ann K.
R0761,Samsung Washing Machine,Great value for money!,1,2023-10-29,Jennifer T.
R0762,Samsung Air Conditioner,Build quality feels premium.,2,2024-05-20,Julie M.
R0763,Samsung Crystal UHD TV,Speaker quality is amazing!,4,2024-09-29,Sara S.
R0764,Samsung Washing Machine,"Nice product, but a bit overpriced.",2,2024-09-15,Amy C.
R0765,Samsung Galaxy A54,Speaker quality is amazing!,2,2024-10-07,Robin H.
R0766,Samsung Galaxy Watch6,Highly recommend to others!,1,2024-11-14,Jason J.
R0767,Samsung Washing Machine,Build quality feels premium.,5,2023-10-27,Andrew G.
R0768,Samsung Air Conditioner,Highly recommend to others!,5,2023-06-26,Virginia M.
R0769,Samsung Galaxy S23,Not worth the price.,1,2023-12-27,Scott R.
R0770,Samsung Crystal UHD TV,Software updates are slow.,3,2024-01-26,Kelsey T.
R0771,Samsung QLED TV,Not worth the price.,2,2023-12-02,Derrick H.
R0772,Samsung Galaxy A54,Very user-friendly interface.,3,2024-03-17,Zachary J.
R0773,Samsung Galaxy S22,"Delivery was delayed, but the product is great.",1,2023-04-29,Benjamin W.
R0774,Samsung Crystal UHD TV,Love the camera quality!,5,2023-11-30,Micheal G.
R0775,Samsung Galaxy Z Fold5,"Nice product, but a bit overpriced.",5,2023-04-12,Patricia B.
R0776,Samsung Soundbar,Heats up sometimes during heavy usage.,3,2024-10-15,Sarah W.
R0777,Samsung Soundbar,Speaker quality is amazing!,1,2024-03-20,Kristie H.
R0778,Samsung Galaxy Buds2,Amazing display quality.,3,2023-03-25,Timothy M.
R0779,Samsung Soundbar,Disappointed with the customer service.,2,2024-02-08,James S.
R0780,Samsung QLED TV,Love the camera quality!,5,2023-03-06,Jeffrey C.
R0781,Samsung Galaxy S23,Not worth the price.,1,2024-02-20,Brittany R.
R0782,Samsung Galaxy Watch6,Very user-friendly interface.,3,2024-10-17,Scott B.
R0783,Samsung Air Conditioner,Speaker quality is amazing!,2,2024-11-20,Samantha B.
R0784,Samsung Air Conditioner,Feature-packed and smooth experience.,1,2024-12-08,Samantha B.
R0785,Samsung QLED TV,Great value for money!,1,2024-05-25,Warren M.
R0786,Samsung Galaxy Z Fold5,Love the camera quality!,4,2023-12-25,Darlene H.
R0787,Samsung Soundbar,Highly recommend to others!,3,2023-05-12,Sarah T.
R0788,Samsung Washing Machine,Performance is top-notch.,2,2024-12-19,Randall M.
R0789,Samsung QLED TV,Love the camera quality!,5,2023-10-09,Christine H.
R0790,Samsung Soundbar,Build quality feels premium.,4,2023-09-20,Cody O.
R0791,Samsung Washing Machine,Disappointed with the customer service.,5,2025-01-02,Renee C.
R0792,Samsung QLED TV,Great value for money!,2,2024-12-07,Natalie W.
R0793,Samsung Galaxy Buds2,Speaker quality is amazing!,3,2023-02-13,Jacqueline M.
R0794,Samsung Galaxy S23,Disappointed with the customer service.,1,2024-04-23,Brandi C.
R0795,Samsung Galaxy A54,Very user-friendly interface.,4,2023-11-28,Alex L.
R0796,Samsung Air Conditioner,Good for basic usage.,2,2024-01-11,Jason S.
R0797,Samsung QLED TV,Speaker quality is amazing!,4,2024-02-22,Lance D.
R0798,Samsung Galaxy Watch6,"Excellent product, very satisfied!",1,2023-10-18,Juan S.
R0799,Samsung Crystal UHD TV,Not worth the price.,1,2023-08-07,Katie S.
R0800,Samsung Crystal UHD TV,Highly recommend to others!,5,2023-03-03,Ashley S.
R0801,Samsung Galaxy S22,"Not as expected, returning it.",3,2023-06-04,Mariah T.
R0802,Samsung Galaxy Watch6,Disappointed with the customer service.,5,2024-02-09,Kelly H.
R0803,Samsung Washing Machine,Performance is top-notch.,2,2024-11-30,Jason B.
R0804,Samsung Galaxy S23,Amazing display quality.,5,2025-01-19,Penny S.
R0805,Samsung Galaxy Z Fold5,"Delivery was delayed, but the product is great.",4,2024-02-06,Misty S.
R0806,Samsung Galaxy S22,Feature-packed and smooth experience.,4,2023-02-26,Chad H.
R0807,Samsung Galaxy Buds2,Performance is top-notch.,4,2023-07-08,Anthony G.
R0808,Samsung Crystal UHD TV,Very user-friendly interface.,4,2023-05-20,Crystal F.
R0809,Samsung Galaxy Z Fold5,Not worth the price.,1,2023-02-26,Vincent D.
R0810,Samsung Galaxy Z Fold5,Heats up sometimes during heavy usage.,4,2023-10-17,Sarah C.
R0811,Samsung Refrigerator,Software updates are slow.,3,2025-01-11,Rita D.
R0812,Samsung Galaxy Buds2,Heats up sometimes during heavy usage.,5,2023-03-24,April H.
R0813,Samsung Galaxy A54,Build quality feels premium.,3,2023-09-13,Sean A.
R0814,Samsung Galaxy S22,Heats up sometimes during heavy usage.,2,2023-12-01,Tammy R.
R0815,Samsung Galaxy S22,Very user-friendly interface.,1,2024-01-30,Nancy F.
R0816,Samsung Galaxy Z Fold5,"Delivery was delayed, but the product is great.",5,2024-04-14,Kristin S.
R0817,Samsung Galaxy S23,Battery life could be better.,5,2023-08-21,James E.
R0818,Samsung Washing Machine,Performance is top-notch.,1,2024-12-16,Elizabeth W.
R0819,Samsung Air Conditioner,Feature-packed and smooth experience.,5,2023-08-21,Marcia O.
R0820,Samsung Refrigerator,Love the camera quality!,4,2024-12-17,Jonathan C.
R0821,Samsung Galaxy A54,Performance is top-notch.,5,2024-02-08,Michael V.
R0822,Samsung Soundbar,Amazing display quality.,4,2024-05-27,Garrett W.
R0823,Samsung Galaxy Z Fold5,Performance is top-notch.,5,2025-01-08,Joseph T.
R0824,Samsung Galaxy Z Fold5,Heats up sometimes during heavy usage.,3,2023-03-01,Shelly K.
R0825,Samsung Galaxy Watch6,Amazing display quality.,4,2023-02-21,Tiffany F.
R0826,Samsung Galaxy S22,Good for basic usage.,4,2024-03-01,Jennifer A.
R0827,Samsung Galaxy Buds2,Software updates are slow.,4,2024-03-04,Louis E.
R0828,Samsung Galaxy Buds2,Feature-packed and smooth experience.,4,2025-01-17,Julie W.
R0829,Samsung Galaxy Watch6,Very durable and reliable.,4,2024-08-14,Heather H.
R0830,Samsung Air Conditioner,Very user-friendly interface.,5,2023-08-11,Jeffrey W.
R0831,Samsung Soundbar,Software updates are slow.,4,2023-02-21,Tiffany S.
R0832,Samsung Galaxy Buds2,"Delivery was delayed, but the product is great.",1,2024-08-08,Timothy P.
R0833,Samsung Galaxy Z Fold5,Good for basic usage.,2,2023-04-30,Kimberly N.
R0834,Samsung Soundbar,Speaker quality is amazing!,4,2023-04-12,Lisa H.
R0835,Samsung Galaxy S23,"Nice product, but a bit overpriced.",2,2024-06-17,Dawn W.
R0836,Samsung Galaxy Z Fold5,"Excellent product, very satisfied!",1,2023-07-10,Roberto H.
R0837,Samsung Refrigerator,"Delivery was delayed, but the product is great.",1,2023-02-15,Angela B.
R0838,Samsung Galaxy S22,Performance is top-notch.,5,2023-05-11,Alan S.
R0839,Samsung Galaxy Watch6,Love the camera quality!,1,2024-02-24,Michael W.
R0840,Samsung Washing Machine,Disappointed with the customer service.,1,2024-12-28,Samuel M.
R0841,Samsung Galaxy S22,Software updates are slow.,1,2023-03-16,Aaron O.
R0842,Samsung Washing Machine,Not worth the price.,2,2024-07-17,Shannon C.
R0843,Samsung Washing Machine,Very durable and reliable.,2,2024-10-09,Jimmy B.
R0844,Samsung Crystal UHD TV,Very user-friendly interface.,4,2024-06-03,Julie L.
R0845,Samsung Galaxy A54,Heats up sometimes during heavy usage.,2,2024-06-22,Veronica T.
R0846,Samsung Galaxy Z Fold5,Feature-packed and smooth experience.,5,2025-01-09,Daniel E.
R0847,Samsung Galaxy Watch6,Speaker quality is amazing!,2,2024-02-04,Sara R.
R0848,Samsung Galaxy A54,Great value for money!,4,2023-10-09,Karen W.
R0849,Samsung QLED TV,Very durable and reliable.,2,2023-08-03,Lori S.
R0850,Samsung Crystal UHD TV,Heats up sometimes during heavy usage.,1,2023-06-11,Shannon M.
R0851,Samsung Washing Machine,"Excellent product, very satisfied!",5,2023-11-17,Dylan G.
R0852,Samsung QLED TV,Battery life could be better.,1,2024-06-07,Peggy V.
R0853,Samsung Refrigerator,"Nice product, but a bit overpriced.",3,2023-10-13,Christina B.
R0854,Samsung QLED TV,"Delivery was delayed, but the product is great.",2,2023-10-14,Matthew R.
R0855,Samsung Refrigerator,"Nice product, but a bit overpriced.",5,2023-07-17,James T.
R0856,Samsung Galaxy Watch6,Heats up sometimes during heavy usage.,2,2024-05-04,Michelle F.
R0857,Samsung Galaxy S23,Amazing display quality.,1,2024-01-11,Angela F.
R0858,Samsung Galaxy A54,Feature-packed and smooth experience.,4,2023-03-14,Kimberly R.
R0859,Samsung QLED TV,Heats up sometimes during heavy usage.,5,2023-07-30,Bonnie J.
R0860,Samsung Washing Machine,Great value for money!,4,2023-06-07,Brett B.
R0861,Samsung Galaxy S23,Battery life could be better.,3,2024-06-02,Amy F.
R0862,Samsung Galaxy A54,"Excellent product, very satisfied!",4,2025-01-11,Rachel S.
R0863,Samsung Galaxy Z Fold5,"Not as expected, returning it.",1,2024-12-27,Emily W.
R0864,Samsung Crystal UHD TV,Speaker quality is amazing!,5,2024-09-24,Anthony W.
R0865,Samsung Galaxy S22,Battery life could be better.,5,2023-09-10,Victor A.
R0866,Samsung Galaxy Watch6,Build quality feels premium.,4,2025-01-05,Brandon S.
R0867,Samsung Galaxy Buds2,Very user-friendly interface.,5,2024-04-25,Oscar S.
R0868,Samsung Galaxy Buds2,"Delivery was delayed, but the product is great.",4,2024-03-06,Brittany R.
R0869,Samsung Galaxy Z Fold5,Amazing display quality.,4,2023-09-10,Brenda M.
R0870,Samsung Galaxy S23,Very user-friendly interface.,1,2023-08-26,Monica M.
R0871,Samsung Galaxy S23,Heats up sometimes during heavy usage.,2,2024-01-06,Jason F.
R0872,Samsung Galaxy Z Fold5,Speaker quality is amazing!,1,2024-05-27,Jeffrey C.
R0873,Samsung QLED TV,Battery life could be better.,4,2024-05-25,Jennifer B.
R0874,Samsung Galaxy Watch6,Feature-packed and smooth experience.,3,2023-12-27,Kelly W.
R0875,Samsung Galaxy Watch6,"Not as expected, returning it.",5,2024-01-19,William A.
R0876,Samsung Refrigerator,Highly recommend to others!,1,2024-10-19,Robert A.
R0877,Samsung QLED TV,Good for basic usage.,3,2024-12-26,Melissa M.
R0878,Samsung QLED TV,Performance is top-notch.,4,2023-10-30,Ryan W.
R0879,Samsung Galaxy A54,Very durable and reliable.,3,2024-12-12,Brandi C.
R0880,Samsung Washing Machine,Very user-friendly interface.,3,2024-04-13,Madison F.
R0881,Samsung Air Conditioner,"Not as expected, returning it.",1,2024-06-21,Monique H.
R0882,Samsung Galaxy A54,Build quality feels premium.,3,2025-01-10,Barbara H.
R0883,Samsung Soundbar,Feature-packed and smooth experience.,5,2024-03-14,Kevin T.
R0884,Samsung Washing Machine,Battery life could be better.,1,2024-01-03,Melanie H.
R0885,Samsung Air Conditioner,Software updates are slow.,2,2023-08-17,Tyler D.
R0886,Samsung Soundbar,Disappointed with the customer service.,1,2023-11-29,Leslie H.
R0887,Samsung QLED TV,"Nice product, but a bit overpriced.",2,2023-08-19,Melanie W.
R0888,Samsung Soundbar,"Nice product, but a bit overpriced.",1,2024-02-08,Joshua S.
R0889,Samsung Galaxy Buds2,"Not as expected, returning it.",4,2023-05-30,Randy B.
R0890,Samsung Galaxy Buds2,Great value for money!,3,2024-12-22,David M.
R0891,Samsung Galaxy Watch6,Software updates are slow.,2,2023-05-03,Jon C.
R0892,Samsung Galaxy S22,Heats up sometimes during heavy usage.,4,2023-07-16,Kristi B.
R0893,Samsung Galaxy Z Fold5,"Nice product, but a bit overpriced.",4,2024-12-18,Jasmine P.
R0894,Samsung Washing Machine,Not worth the price.,3,2025-01-07,Donald R.
R0895,Samsung Galaxy Buds2,Love the camera quality!,3,2024-07-24,Nancy K.
R0896,Samsung Soundbar,Highly recommend to others!,2,2024-11-16,Crystal E.
R0897,Samsung Galaxy A54,Speaker quality is amazing!,3,2023-06-05,William T.
R0898,Samsung Galaxy S22,Amazing display quality.,4,2023-05-29,Crystal A.
R0899,Samsung Galaxy Z Fold5,Amazing display quality.,2,2024-01-27,Tonya R.
R0900,Samsung Crystal UHD TV,"Nice product, but a bit overpriced.",4,2024-05-21,Lawrence B.
R0901,Samsung Galaxy A54,Very user-friendly interface.,2,2024-12-26,Gregory K.
R0902,Samsung Galaxy Z Fold5,Speaker quality is amazing!,1,2024-12-01,Mark P.
R0903,Samsung Galaxy A54,Feature-packed and smooth experience.,2,2023-12-27,Michael H.
R0904,Samsung Soundbar,Disappointed with the customer service.,3,2023-11-06,Laurie A.
R0905,Samsung Galaxy Buds2,Great value for money!,3,2024-08-08,Jamie S.
R0906,Samsung Soundbar,Battery life could be better.,5,2024-01-20,Jacqueline M.
R0907,Samsung Air Conditioner,Love the camera quality!,1,2024-07-12,Amanda G.
R0908,Samsung Refrigerator,Highly recommend to others!,2,2023-08-30,Mary R.
R0909,Samsung Galaxy Z Fold5,Highly recommend to others!,3,2023-08-12,Patricia C.
R0910,Samsung Soundbar,Very user-friendly interface.,4,2023-02-03,Dennis A.
R0911,Samsung Galaxy A54,"Excellent product, very satisfied!",1,2024-09-03,Jeffrey S.
R0912,Samsung Washing Machine,Good for basic usage.,5,2024-10-31,Louis B.
R0913,Samsung Galaxy A54,"Not as expected, returning it.",5,2023-11-12,James M.
R0914,Samsung Washing Machine,Love the camera quality!,3,2023-10-14,Ian W.
R0915,Samsung Crystal UHD TV,Not worth the price.,1,2023-10-15,Jerry M.
R0916,Samsung Galaxy Watch6,Feature-packed and smooth experience.,3,2023-10-15,Megan A.
R0917,Samsung Crystal UHD TV,Performance is top-notch.,2,2023-08-29,Samuel R.
R0918,Samsung Galaxy Z Fold5,Build quality feels premium.,2,2023-09-30,Eric B.
R0919,Samsung Galaxy Z Fold5,Feature-packed and smooth experience.,5,2024-05-18,Allison M.
R0920,Samsung Galaxy S22,Good for basic usage.,3,2024-06-01,Patricia D.
R0921,Samsung Galaxy S22,Very durable and reliable.,3,2023-06-01,Erica W.
R0922,Samsung Washing Machine,Disappointed with the customer service.,3,2023-11-17,Christopher B.
R0923,Samsung Galaxy A54,Love the camera quality!,1,2024-09-29,Mackenzie R.
R0924,Samsung QLED TV,Very durable and reliable.,4,2024-06-24,Steven C.
R0925,Samsung Galaxy Watch6,Heats up sometimes during heavy usage.,2,2024-01-23,Ronnie Y.
R0926,Samsung Galaxy S23,"Delivery was delayed, but the product is great.",2,2024-08-02,Jessica H.
R0927,Samsung Washing Machine,"Delivery was delayed, but the product is great.",1,2024-03-25,Timothy L.
R0928,Samsung Galaxy A54,Very user-friendly interface.,5,2024-11-25,Timothy R.
R0929,Samsung Galaxy Watch6,Performance is top-notch.,3,2023-11-23,Jerry R.
R0930,Samsung Soundbar,Feature-packed and smooth experience.,3,2023-07-09,Tara W.
R0931,Samsung Galaxy S23,"Not as expected, returning it.",1,2024-12-25,Kevin M.
R0932,Samsung Soundbar,Amazing display quality.,1,2025-01-27,Angela R.
R0933,Samsung Galaxy S23,Good for basic usage.,2,2023-06-08,Tina M.
R0934,Samsung Galaxy S23,Very durable and reliable.,5,2024-06-21,David H.
R0935,Samsung Crystal UHD TV,Speaker quality is amazing!,1,2024-03-27,Carrie F.
R0936,Samsung Galaxy S22,Software updates are slow.,1,2025-01-22,Jaclyn H.
R0937,Samsung Soundbar,Great value for money!,3,2023-03-18,Jared W.
R0938,Samsung Washing Machine,Not worth the price.,2,2024-09-05,Nicholas W.
R0939,Samsung Galaxy A54,"Delivery was delayed, but the product is great.",2,2023-05-19,Danielle B.
R0940,Samsung Crystal UHD TV,Build quality feels premium.,5,2023-10-21,Linda R.
R0941,Samsung Galaxy S22,Highly recommend to others!,2,2024-02-21,Linda F.
R0942,Samsung Refrigerator,Build quality feels premium.,4,2023-08-22,Sean D.
R0943,Samsung Washing Machine,Highly recommend to others!,1,2023-11-05,Thomas L.
R0944,Samsung Air Conditioner,Highly recommend to others!,4,2023-08-19,Patricia F.
R0945,Samsung Galaxy Buds2,Feature-packed and smooth experience.,4,2024-06-11,Alexandra M.
R0946,Samsung Air Conditioner,Amazing display quality.,4,2023-02-17,Brian H.
R0947,Samsung Galaxy Z Fold5,"Not as expected, returning it.",3,2024-09-14,James D.
R0948,Samsung Galaxy Watch6,Not worth the price.,1,2024-09-09,Mary R.
R0949,Samsung Refrigerator,Not worth the price.,5,2024-10-27,Joshua H.
R0950,Samsung Galaxy Watch6,Very durable and reliable.,4,2023-07-31,Karen J.
R0951,Samsung Galaxy S23,Heats up sometimes during heavy usage.,2,2023-03-07,Lisa F.
R0952,Samsung Galaxy S22,"Nice product, but a bit overpriced.",3,2023-11-21,Christina W.
R0953,Samsung Air Conditioner,Speaker quality is amazing!,1,2023-03-21,Priscilla D.
R0954,Samsung Galaxy Buds2,Disappointed with the customer service.,2,2024-12-09,Melissa M.
R0955,Samsung Soundbar,Highly recommend to others!,4,2024-03-11,Tara F.
R0956,Samsung Crystal UHD TV,"Excellent product, very satisfied!",5,2025-01-28,Carol M.
R0957,Samsung Refrigerator,Great value for money!,3,2024-11-19,Vanessa G.
R0958,Samsung Galaxy S23,Very user-friendly interface.,1,2024-07-07,Benjamin C.
R0959,Samsung Crystal UHD TV,"Nice product, but a bit overpriced.",3,2023-05-24,April G.
R0960,Samsung QLED TV,Not worth the price.,1,2023-08-04,Joann K.
R0961,Samsung Refrigerator,Build quality feels premium.,5,2024-11-24,Joan W.
R0962,Samsung Soundbar,Amazing display quality.,1,2024-06-29,Brittany B.
R0963,Samsung Galaxy Buds2,"Nice product, but a bit overpriced.",2,2024-05-09,Lucas W.
R0964,Samsung Refrigerator,Feature-packed and smooth experience.,1,2024-03-24,Kevin L.
R0965,Samsung Crystal UHD TV,Not worth the price.,1,2023-04-04,James S.
R0966,Samsung Galaxy Watch6,Performance is top-notch.,5,2024-12-16,Laurie K.
R0967,Samsung Galaxy A54,Love the camera quality!,5,2024-01-15,William M.
R0968,Samsung Galaxy A54,Software updates are slow.,2,2024-04-10,Angela M.
R0969,Samsung Washing Machine,Not worth the price.,5,2023-02-10,Robert J.
R0970,Samsung Washing Machine,Performance is top-notch.,4,2023-02-28,Christopher S.
R0971,Samsung Crystal UHD TV,Great value for money!,1,2024-04-08,Meredith R.
R0972,Samsung Galaxy Z Fold5,Speaker quality is amazing!,2,2025-01-25,Jason L.
R0973,Samsung Galaxy A54,Build quality feels premium.,4,2023-09-03,Natalie M.
R0974,Samsung Galaxy Watch6,Great value for money!,4,2025-01-06,Douglas B.
R0975,Samsung Refrigerator,"Nice product, but a bit overpriced.",2,2024-02-06,Roy L.
R0976,Samsung Galaxy S22,Feature-packed and smooth experience.,3,2024-12-03,Richard J.
R0977,Samsung Galaxy Watch6,Heats up sometimes during heavy usage.,3,2023-11-01,Kenneth B.
R0978,Samsung QLED TV,Very durable and reliable.,4,2024-05-22,Megan B.
R0979,Samsung Galaxy A54,Software updates are slow.,3,2024-03-17,Christine G.
R0980,Samsung Air Conditioner,Speaker quality is amazing!,5,2023-12-11,Maria N.
R0981,Samsung QLED TV,Software updates are slow.,2,2024-09-21,Michael R.
R0982,Samsung Galaxy Buds2,Build quality feels premium.,1,2023-04-17,Eric T.
R0983,Samsung Washing Machine,Very durable and reliable.,2,2024-08-12,Theresa V.
R0984,Samsung Refrigerator,Great value for money!,3,2023-08-02,Gregory T.
R0985,Samsung Soundbar,Build quality feels premium.,2,2023-07-07,Carl M.
R0986,Samsung Galaxy A54,Heats up sometimes during heavy usage.,5,2024-01-06,Grant H.
R0987,Samsung QLED TV,Highly recommend to others!,3,2024-10-24,Katrina M.
R0988,Samsung Galaxy A54,"Delivery was delayed, but the product is great.",5,2023-11-04,Carlos S.
R0989,Samsung Refrigerator,Software updates are slow.,4,2024-05-02,Angela H.
R0990,Samsung Galaxy S23,Software updates are slow.,2,2024-03-30,Mason W.
R0991,Samsung Galaxy S23,"Delivery was delayed, but the product is great.",3,2024-06-16,Nicole J.
R0992,Samsung Galaxy Z Fold5,Feature-packed and smooth experience.,3,2024-11-21,Madeline F.
R0993,Samsung Galaxy S23,Love the camera quality!,2,2024-07-11,Rachel H.
R0994,Samsung Galaxy Watch6,Not worth the price.,1,2024-03-13,Christopher C.
R0995,Samsung QLED TV,Great value for money!,1,2023-05-19,Edward G.
R0996,Samsung Galaxy Watch6,Feature-packed and smooth experience.,5,2025-01-03,Morgan S.
R0997,Samsung Galaxy S23,Heats up sometimes during heavy usage.,1,2023-10-17,Alec R.
R0998,Samsung Galaxy S23,Not worth the price.,1,2024-11-16,Kim B.
R0999,Samsung Galaxy S23,Very user-friendly interface.,5,2023-09-12,Gloria D.
R1000,Samsung Galaxy A54,Very user-friendly interface.,2,2023-06-29,Lindsey M.
